Timestamp,logNN.t0,logNN.t1,logNN.t2,logNN.t3
1652344,0.6125288605690002,0.5668814778327942,0.5921845436096191,0.5851184129714966
1652444,0.6121848225593567,0.5669138431549072,0.5920532941818237,0.5853699445724487
1652544,0.6130053997039795,0.5677415132522583,0.5926102995872498,0.5861759185791016
1652644,0.6125487685203552,0.5674139857292175,0.5922518968582153,0.5855211019515991
1652744,0.6132484674453735,0.5681684017181396,0.5929281115531921,0.5870997905731201
1652844,0.612906813621521,0.5680423974990845,0.5926397442817688,0.5864993333816528
1652944,0.6126853227615356,0.567385196685791,0.5922953486442566,0.5855585336685181
1653044,0.6127285957336426,0.5675020813941956,0.5923213362693787,0.5860466957092285
1653144,0.6125447154045105,0.5675244927406311,0.5921457409858704,0.5857678651809692
1653244,0.6128058433532715,0.5670706033706665,0.5922626256942749,0.5856000185012817
1653344,0.6121008992195129,0.5669576525688171,0.5919256210327148,0.585777223110199
1653444,0.6124477386474609,0.5667560696601868,0.5919293165206909,0.5849143862724304
1653544,0.6124988794326782,0.5673840045928955,0.592204749584198,0.5861234068870544
1653644,0.6127521395683289,0.5673772096633911,0.592298150062561,0.5858508944511414
1653744,0.6123232841491699,0.5671167373657227,0.5919938683509827,0.5854932069778442
1653844,0.6117553114891052,0.5669506788253784,0.5917810201644897,0.5857446789741516
1653944,0.6122959852218628,0.5670516490936279,0.5920525193214417,0.5856139063835144
1654044,0.6125966906547546,0.5674723386764526,0.5924074053764343,0.5861560106277466
1654144,0.6127625703811646,0.5675086379051208,0.5924708247184753,0.5858402252197266
1654244,0.6126032471656799,0.5671188831329346,0.5922547578811646,0.5852673053741455
1654344,0.6127782464027405,0.5675310492515564,0.5924921035766602,0.5859513282775879
1654444,0.6122255921363831,0.5672582387924194,0.5922490954399109,0.5857287645339966
1654544,0.6135002374649048,0.5684123039245605,0.5931223034858704,0.586837649345398
1654644,0.6123350858688354,0.5671089887619019,0.5921190977096558,0.584967315196991
1654744,0.6130600571632385,0.5674536228179932,0.5925894379615784,0.5853930711746216
1654844,0.6122533679008484,0.5676978826522827,0.5922612547874451,0.5857054591178894
1654944,0.6122941970825195,0.567164421081543,0.5921940207481384,0.5852064490318298
1655045,0.6130698919296265,0.567630410194397,0.5927829742431641,0.5860839486122131
1655145,0.6128044724464417,0.567817211151123,0.5926614999771118,0.5861344337463379
1655245,0.6133984327316284,0.5681315064430237,0.5931504368782043,0.5870263576507568
1655345,0.6131423711776733,0.5676223635673523,0.5928483605384827,0.5861265063285828
1655445,0.6128540635108948,0.5680156946182251,0.5928217172622681,0.5866003036499023
1655545,0.6131568551063538,0.5681877732276917,0.5931146740913391,0.587229311466217
1655645,0.6131126284599304,0.5677310824394226,0.5927742123603821,0.5857560038566589
1655745,0.6135963201522827,0.5681222081184387,0.5932201147079468,0.5868962407112122
1655845,0.61277174949646,0.5677160620689392,0.592633843421936,0.5864245891571045
1655945,0.6132345199584961,0.5680117607116699,0.5929281115531921,0.5866767168045044
1656046,0.6127445697784424,0.5674189925193787,0.5924598574638367,0.5860543847084045
1656146,0.6127272248268127,0.5672846436500549,0.5924091339111328,0.5860535502433777
1656246,0.6131187081336975,0.5674015283584595,0.5926288366317749,0.5858556032180786
1656346,0.6131073236465454,0.5678454041481018,0.5926792025566101,0.5862435102462769
1656445,0.6119605302810669,0.5670841932296753,0.5918916463851929,0.5854682922363281
1656545,0.6126427054405212,0.5673996210098267,0.5924148559570312,0.5865154266357422
1656645,0.6132001280784607,0.5679287910461426,0.5927338600158691,0.5864099264144897
1656745,0.6136348843574524,0.5683180689811707,0.5931621789932251,0.5870245695114136
1656846,0.6134061813354492,0.5679605007171631,0.5928097367286682,0.5858405828475952
1656946,0.6124077439308167,0.56743323802948,0.5923698544502258,0.5861923098564148
1657046,0.6130072474479675,0.5676659345626831,0.5927498936653137,0.5864765048027039
1657146,0.6128299236297607,0.5670995116233826,0.592352032661438,0.5852391719818115
1657246,0.6125984787940979,0.5671356916427612,0.5922373533248901,0.5851261019706726
1657346,0.6128144860267639,0.567410409450531,0.5924693942070007,0.5857647061347961
1657446,0.6138216257095337,0.5681083798408508,0.5931389927864075,0.5865000486373901
1657546,0.6129335761070251,0.5674734115600586,0.5925061702728271,0.5854519605636597
1657646,0.6133540868759155,0.5680838823318481,0.5929173231124878,0.5865802764892578
1657746,0.6127951741218567,0.5672196745872498,0.5924510955810547,0.5855225920677185
1657846,0.6128294467926025,0.5678277015686035,0.5926908254623413,0.5867606401443481
1657946,0.6128026247024536,0.56753009557724,0.5925601124763489,0.5865833163261414
1658044,0.6130586862564087,0.5679373145103455,0.5926064252853394,0.5861884355545044
1658144,0.6131043434143066,0.5675907135009766,0.5924344062805176,0.5856015682220459
1658244,0.6132193803787231,0.5676757097244263,0.5925869941711426,0.5861978530883789
1658344,0.6125252842903137,0.567705512046814,0.5923606753349304,0.5864428281784058
1658444,0.6124117970466614,0.566811740398407,0.5920323729515076,0.5851151347160339
1658544,0.6127609610557556,0.5674001574516296,0.5922715663909912,0.5855267643928528
1658644,0.6123348474502563,0.5675430297851562,0.59223473072052,0.5862295031547546
1658744,0.6125988960266113,0.566999077796936,0.5922626852989197,0.5857321619987488
1658844,0.612570583820343,0.5675012469291687,0.5924830436706543,0.5865548849105835
1658944,0.6122458577156067,0.5667062997817993,0.5918246507644653,0.5844964385032654
1659044,0.612510085105896,0.5673429369926453,0.5923219323158264,0.5859625339508057
1659144,0.6131796836853027,0.5678362250328064,0.5926877856254578,0.586229145526886
1659244,0.6125441193580627,0.5678412914276123,0.5924230813980103,0.5863555073738098
1659344,0.6131407618522644,0.5677559971809387,0.5927447080612183,0.5867020487785339
1659444,0.6130737066268921,0.5680006742477417,0.5927268862724304,0.5864721536636353
1659544,0.6130186319351196,0.5674150586128235,0.5924071669578552,0.5852738618850708
1659644,0.6124693751335144,0.5673859119415283,0.5924195051193237,0.5862467288970947
1659744,0.6132433414459229,0.5676643252372742,0.5926271677017212,0.5855920910835266
1659844,0.6125473976135254,0.5672377347946167,0.5921744704246521,0.5850353240966797
1659944,0.6124194860458374,0.5674238801002502,0.5923500061035156,0.5860064029693604
1660044,0.613113284111023,0.5679053664207458,0.5928131937980652,0.586538553237915
1660144,0.6131240725517273,0.5675249099731445,0.5927566289901733,0.5863850116729736
1660244,0.6133399605751038,0.5676621198654175,0.5927441120147705,0.5861047506332397
1660344,0.6126054525375366,0.5668612122535706,0.5919711589813232,0.5840287208557129
1660444,0.6128360033035278,0.5673898458480835,0.5924695134162903,0.5854280591011047
1660544,0.6131065487861633,0.5677490830421448,0.5927473902702332,0.5860718488693237
1660644,0.6128825545310974,0.5677017569541931,0.5924949645996094,0.5855870842933655
1660744,0.6132864952087402,0.5678173303604126,0.5928786993026733,0.5863626003265381
1660844,0.6129682064056396,0.568000078201294,0.5927850604057312,0.586621105670929
1660944,0.6130157709121704,0.5674899816513062,0.5924772024154663,0.5851026773452759
1661044,0.6131553649902344,0.5687083601951599,0.5931710600852966,0.5877392888069153
1661144,0.61308354139328,0.5677919387817383,0.5927974581718445,0.586622416973114
1661244,0.6129156351089478,0.5672913789749146,0.5924804210662842,0.5855867266654968
1661344,0.6134390830993652,0.5678109526634216,0.5928919315338135,0.5862741470336914
1661444,0.6134281754493713,0.5679159164428711,0.5930125117301941,0.5867916941642761
1661544,0.6134093403816223,0.5677314400672913,0.5929071307182312,0.5864594578742981
1661644,0.6123644709587097,0.5671204328536987,0.5922244191169739,0.5856686234474182
1661744,0.612585186958313,0.5677099823951721,0.5925331711769104,0.5864618420600891
1661844,0.6118841171264648,0.5670947432518005,0.5918906331062317,0.5851117372512817
1661944,0.6119350790977478,0.5669749975204468,0.5919385552406311,0.5853209495544434
1662044,0.6130291223526001,0.5673874616622925,0.5924263000488281,0.585157573223114
1662144,0.6124600172042847,0.5672203898429871,0.5922811031341553,0.5858292579650879
1662244,0.6122195720672607,0.5672459602355957,0.5922038555145264,0.5856181383132935
1662344,0.6123777627944946,0.5670437216758728,0.5921737551689148,0.585350751876831
1662444,0.6130668520927429,0.5677101612091064,0.5927557945251465,0.586208164691925
1662544,0.6128695607185364,0.5674854516983032,0.5925006866455078,0.5857198238372803
1662644,0.6133580803871155,0.5676035284996033,0.5925979018211365,0.5852463245391846
1662744,0.6124076247215271,0.567474365234375,0.5923486351966858,0.5861931443214417
1662844,0.6126277446746826,0.567061185836792,0.5922017693519592,0.5850236415863037
1662944,0.6126112937927246,0.5669138431549072,0.5921886563301086,0.5854240655899048
1663044,0.6124218106269836,0.5666418671607971,0.5917746424674988,0.5840917825698853
1663144,0.6132183074951172,0.5680052638053894,0.592751145362854,0.5866052508354187
1663244,0.6124624013900757,0.5668129324913025,0.5920475721359253,0.5849184393882751
1663344,0.6124985218048096,0.5672062635421753,0.5922486186027527,0.5855310559272766
1663444,0.6123640537261963,0.5670905113220215,0.5920720100402832,0.5853249430656433
1663544,0.6128261685371399,0.5674036741256714,0.5923545956611633,0.585746169090271
1663644,0.6127995252609253,0.5673326849937439,0.5921621918678284,0.5852782726287842
1663744,0.6117538809776306,0.5667328238487244,0.5915803909301758,0.5847215056419373
1663844,0.6118860244750977,0.5668368339538574,0.5917544364929199,0.5852211117744446
1663944,0.6122447848320007,0.5667648911476135,0.5918174982070923,0.5845270156860352
1664044,0.6128758788108826,0.5673442482948303,0.5922103524208069,0.5849077701568604
1664144,0.6123945713043213,0.5669219493865967,0.5920968055725098,0.5853604078292847
1664244,0.6128071546554565,0.5675577521324158,0.5925194025039673,0.58616703748703
1664344,0.6123627424240112,0.5673360824584961,0.5922864675521851,0.5857045650482178
1664444,0.6122440695762634,0.5675972104072571,0.5922917127609253,0.5858370065689087
1664544,0.6128121018409729,0.5678609609603882,0.5926076173782349,0.5860745310783386
1664644,0.6126525402069092,0.5671572089195251,0.5924155712127686,0.5855594277381897
1664744,0.613097071647644,0.5676181316375732,0.5926481485366821,0.5855382680892944
1664844,0.6124130487442017,0.5673765540122986,0.5921398401260376,0.5849245190620422
1664944,0.6134912967681885,0.5677976012229919,0.5929523706436157,0.5864697098731995
1665044,0.6129723787307739,0.5677748322486877,0.5925995707511902,0.5860273838043213
1665144,0.6126935482025146,0.5676617622375488,0.5926387310028076,0.5865437984466553
1665244,0.6125040054321289,0.5674028396606445,0.5923721194267273,0.5855947136878967
1665344,0.6130780577659607,0.5678125619888306,0.592711865901947,0.5859645009040833
1665444,0.6131960153579712,0.5675920248031616,0.5926411151885986,0.5856356620788574
1665544,0.6131482124328613,0.5676477551460266,0.5926380157470703,0.5858736634254456
1665644,0.6133666038513184,0.5681005716323853,0.5929609537124634,0.5867575407028198
1665744,0.6125986576080322,0.5668461322784424,0.5921294689178467,0.5847396850585938
1665844,0.6135584712028503,0.5680351257324219,0.592976450920105,0.5863786935806274
1665944,0.6133238077163696,0.5675073266029358,0.5928916335105896,0.586286187171936
1666044,0.6134223341941833,0.5681770443916321,0.5930673480033875,0.5868723392486572
1666144,0.6135748028755188,0.568008303642273,0.5932135581970215,0.5869272947311401
1666244,0.6133084297180176,0.5679095387458801,0.5929660201072693,0.586408257484436
1666344,0.6127140522003174,0.5675566792488098,0.5924645662307739,0.5854753255844116
1666444,0.6132559776306152,0.567815363407135,0.5928503274917603,0.5859993696212769
1666544,0.6132599711418152,0.5683069229125977,0.5929462909698486,0.586432695388794
1666644,0.6128366589546204,0.5677827596664429,0.5925850868225098,0.5857793092727661
1666744,0.6127734184265137,0.5674972534179688,0.592435896396637,0.5852289199829102
1666844,0.6124085783958435,0.567668080329895,0.5923067331314087,0.5854541063308716
1666944,0.61343914270401,0.567833423614502,0.5929509997367859,0.586051881313324
1667044,0.6129498481750488,0.567962646484375,0.5926727652549744,0.5858750939369202
1667144,0.612640917301178,0.5675574541091919,0.5923979878425598,0.5854828357696533
1667244,0.6126725077629089,0.5680818557739258,0.592627763748169,0.5861860513687134
1667344,0.6136079430580139,0.5680225491523743,0.593117892742157,0.5863000750541687
1667444,0.6127740144729614,0.5678297281265259,0.5926072001457214,0.5860512256622314
1667544,0.6120390892028809,0.5672439932823181,0.5921299457550049,0.5856545567512512
1667644,0.6127640604972839,0.5677124261856079,0.5926170945167542,0.5863435864448547
1667744,0.6124396920204163,0.5676168203353882,0.5923243165016174,0.5856210589408875
1667844,0.6134462952613831,0.5684714913368225,0.5930478572845459,0.5869874358177185
1667944,0.612592339515686,0.5673266053199768,0.5923134088516235,0.5858869552612305
1668044,0.6115463972091675,0.5665315389633179,0.5915263891220093,0.5846282839775085
1668144,0.6127697229385376,0.5673738718032837,0.59242844581604,0.5858481526374817
1668244,0.6120578050613403,0.5672956705093384,0.5919194221496582,0.5850602388381958
1668344,0.6125874519348145,0.5679230690002441,0.5924295783042908,0.586083710193634
1668444,0.6119575500488281,0.5664361119270325,0.5917276740074158,0.5843760371208191
1668544,0.612212598323822,0.5669218301773071,0.5919619202613831,0.5847875475883484
1668644,0.6126974821090698,0.567450761795044,0.5923867225646973,0.5855642557144165
1668744,0.6134324073791504,0.5683949589729309,0.5931055545806885,0.5868701934814453
1668844,0.6131401658058167,0.5676754713058472,0.5928282141685486,0.5862643718719482
1668944,0.6127178072929382,0.5676562786102295,0.5923213362693787,0.5850993394851685
1669044,0.6122615337371826,0.5669854879379272,0.5920922756195068,0.5851311683654785
1669144,0.6127830743789673,0.5677379965782166,0.5925161838531494,0.5857754945755005
1669244,0.6129391193389893,0.567626953125,0.5925925374031067,0.5859978795051575
1669344,0.6123434901237488,0.5672475099563599,0.5920768976211548,0.5848995447158813
1669444,0.6132388114929199,0.5674724578857422,0.5927459597587585,0.5858255624771118
1669544,0.6121253371238708,0.5674480199813843,0.5921400785446167,0.5860257148742676
1669644,0.612255871295929,0.5675430297851562,0.5921964645385742,0.5857889652252197
1669744,0.6115520000457764,0.5666703581809998,0.5915801525115967,0.5846202373504639
1669844,0.6124807596206665,0.567110538482666,0.5921702980995178,0.5853806138038635
1669944,0.6119362711906433,0.5667164921760559,0.5917407870292664,0.5848217606544495
1670044,0.6126602292060852,0.5670216083526611,0.5921248197555542,0.5852702260017395
1670144,0.6122633218765259,0.5670918226242065,0.591958224773407,0.5855875611305237
1670244,0.6124850511550903,0.566628098487854,0.5918498039245605,0.5846776962280273
1670344,0.6124040484428406,0.5673611164093018,0.5921264886856079,0.5857765078544617
1670444,0.6124981641769409,0.5669078230857849,0.5921018719673157,0.5853964686393738
1670544,0.6127334833145142,0.5674717426300049,0.5924291014671326,0.5862690806388855
1670644,0.612419843673706,0.5672644376754761,0.5922256112098694,0.5858006477355957
1670744,0.6124396920204163,0.5669245719909668,0.5920652151107788,0.5850787162780762
1670844,0.6124919056892395,0.5670004487037659,0.5921936631202698,0.5853511095046997
1670944,0.6124275922775269,0.5668643712997437,0.5921269655227661,0.5850240588188171
1671044,0.6120153665542603,0.5666583776473999,0.5920486450195312,0.5855441689491272
1671144,0.6129215955734253,0.567200243473053,0.592446506023407,0.5854201316833496
1671244,0.6126231551170349,0.5674485564231873,0.592490017414093,0.5859442949295044
1671344,0.6119261980056763,0.5667543411254883,0.5918374061584473,0.5842508673667908
1671444,0.6132796406745911,0.5682815909385681,0.5931484699249268,0.5870604515075684
1671544,0.6124467253684998,0.5673788189888,0.5923405289649963,0.5853620767593384
1671644,0.6124265789985657,0.5677390694618225,0.5925344228744507,0.5861114263534546
1671745,0.6132152676582336,0.5678734183311462,0.5928177833557129,0.5855827331542969
1671845,0.6129042506217957,0.5682080984115601,0.5929283499717712,0.5869166254997253
1671945,0.612674355506897,0.5677766799926758,0.5925962328910828,0.586212158203125
1672045,0.6122106313705444,0.5670427083969116,0.5921138525009155,0.5856208801269531
1672145,0.6131055355072021,0.5675714015960693,0.5924868583679199,0.5855597257614136
1672244,0.6124106049537659,0.5673558115959167,0.5921733379364014,0.5855420827865601
1672345,0.6126774549484253,0.5669705867767334,0.5920422077178955,0.5845646858215332
1672445,0.5551646947860718,0.6071879863739014,0.5653150081634521,0.6177724003791809
1672545,0.6261557340621948,0.5848140120506287,0.6010482311248779,0.6033505797386169
1672645,0.5518109798431396,0.5598187446594238,0.5604825615882874,0.5816655158996582
1672746,0.6109797954559326,0.4723929762840271,0.5562337636947632,0.4617154002189636
1672846,0.6838625073432922,0.5562382340431213,0.6011143326759338,0.4835936427116394
1672946,0.5839296579360962,0.6241493821144104,0.5888221263885498,0.7224900722503662
1673046,0.52731853723526,0.4685975909233093,0.5117852687835693,0.5063869953155518
1673146,0.4624735713005066,0.4034478962421417,0.4601233899593353,0.3587520122528076
1673246,0.5142035484313965,0.4652353823184967,0.49358075857162476,0.4381174147129059
1673346,0.5436908602714539,0.4974506199359894,0.5212352275848389,0.5604971647262573
1673446,0.43625545501708984,0.4300624430179596,0.4501153826713562,0.45508453249931335
1673546,0.5827610492706299,0.5423805713653564,0.5205371379852295,0.530643880367279
1673646,0.5140478610992432,0.48801153898239136,0.4848983585834503,0.5457271337509155
1673744,0.3796124756336212,0.32471489906311035,0.38240957260131836,0.3705388307571411
1673844,0.4436301589012146,0.3997512459754944,0.43429625034332275,0.4555681049823761
1673944,0.49113795161247253,0.4469870924949646,0.4691387414932251,0.5071197748184204
1674044,0.45085349678993225,0.3717151880264282,0.4297550916671753,0.4003339409828186
1674144,0.4426196813583374,0.4124791622161865,0.4445470869541168,0.5153261423110962
1674244,0.4406195282936096,0.39632749557495117,0.43822863698005676,0.48004797101020813
1674344,0.4777528941631317,0.42126503586769104,0.46278733015060425,0.5010793209075928
1674446,0.5032082200050354,0.4625447690486908,0.48389381170272827,0.5386064648628235
1674546,0.464077353477478,0.4136772155761719,0.45309701561927795,0.4630334675312042
1674646,0.46070778369903564,0.4078879952430725,0.45150721073150635,0.46280691027641296
1674744,0.43566060066223145,0.3916022777557373,0.4367179572582245,0.4500216245651245
1674844,0.4733560085296631,0.4285999536514282,0.4623222053050995,0.493198424577713
1674944,0.4480721950531006,0.40183430910110474,0.4452933669090271,0.46681374311447144
1675044,0.45111316442489624,0.4055485129356384,0.4476996660232544,0.4648929834365845
1675144,0.4527779221534729,0.4124797284603119,0.45234403014183044,0.4893200397491455
1675244,0.4786072075366974,0.44324037432670593,0.4736703932285309,0.5355745553970337
1675344,0.4753111004829407,0.4366806745529175,0.46836429834365845,0.5181405544281006
1675444,0.45701345801353455,0.40771323442459106,0.45247575640678406,0.4814230501651764
1675544,0.431057870388031,0.3947453498840332,0.43865469098091125,0.476190984249115
1675644,0.4387311041355133,0.4075503349304199,0.444793701171875,0.4827297031879425
1675744,0.467699259519577,0.4428081810474396,0.46641579270362854,0.5285767912864685
1675844,0.42895177006721497,0.3926398754119873,0.43560874462127686,0.46895089745521545
1675944,0.4362828731536865,0.39620697498321533,0.43903377652168274,0.46944722533226013
1676044,0.43981948494911194,0.3874967694282532,0.43784356117248535,0.4598079025745392
1676144,0.45852336287498474,0.410889208316803,0.453540563583374,0.4847961962223053
1676244,0.46516644954681396,0.43837982416152954,0.4647228419780731,0.5245913863182068
1676344,0.44325998425483704,0.3984944522380829,0.44294318556785583,0.4647572636604309
1676444,0.44283121824264526,0.38708579540252686,0.43859782814979553,0.4425131380558014
1676544,0.4531511664390564,0.3981661796569824,0.44650426506996155,0.45980024337768555
1676644,0.45085251331329346,0.38690319657325745,0.44250601530075073,0.4452853202819824
1676744,0.44989556074142456,0.3940918743610382,0.4449663758277893,0.4567500352859497
1676844,0.46793240308761597,0.4157346189022064,0.45868515968322754,0.4814871549606323
1676944,0.4575038552284241,0.39981740713119507,0.44940048456192017,0.46005815267562866
1677044,0.4679293632507324,0.4097648859024048,0.4565891623497009,0.4676523804664612
1677144,0.4613485336303711,0.38447797298431396,0.4459364414215088,0.42748185992240906
1677244,0.44081780314445496,0.3601161241531372,0.42997801303863525,0.4032939076423645
1677344,0.4777159094810486,0.3966241478919983,0.45756030082702637,0.45241579413414
1677444,0.4450750946998596,0.353633314371109,0.4313550889492035,0.3945941925048828
1677544,0.4856816828250885,0.369844913482666,0.4548305869102478,0.40352001786231995
1677644,0.49105092883110046,0.38278305530548096,0.4627394378185272,0.41998717188835144
1677744,0.48693880438804626,0.3761439025402069,0.45862311124801636,0.38894322514533997
1677844,0.5004093647003174,0.4296264052391052,0.48187386989593506,0.4767144024372101
1677944,0.4698337912559509,0.40128588676452637,0.46212103962898254,0.4412480592727661
1678044,0.4723908305168152,0.3856133222579956,0.4576150178909302,0.4144865572452545
1678144,0.47807589173316956,0.3931986093521118,0.4610675871372223,0.42032957077026367
1678244,0.3989733159542084,0.32515084743499756,0.40781259536743164,0.38713493943214417
1678344,0.5322206020355225,0.4773150086402893,0.5065172910690308,0.53264319896698
1678444,0.5110477805137634,0.41766834259033203,0.48168548941612244,0.46584686636924744
1678544,0.417373925447464,0.34608495235443115,0.4217042922973633,0.38607463240623474
1678644,0.49026933312416077,0.40446385741233826,0.4689560532569885,0.44101962447166443
1678744,0.5129145383834839,0.43682363629341125,0.4895830452442169,0.4856396019458771
1678844,0.49643903970718384,0.4097225069999695,0.47446659207344055,0.45022052526474
1678944,0.5012261271476746,0.42473191022872925,0.48079729080200195,0.47141462564468384
1679044,0.49823805689811707,0.4269922077655792,0.4798499345779419,0.4717221260070801
1679144,0.4898894131183624,0.4205877482891083,0.47482237219810486,0.46683037281036377
1679244,0.5086250305175781,0.4352697730064392,0.4862317442893982,0.474561870098114
1679344,0.5099917650222778,0.4363662600517273,0.4882523715496063,0.4842047393321991
1679444,0.5185927152633667,0.4430381655693054,0.49334150552749634,0.4852125346660614
1679544,0.4458409547805786,0.390935480594635,0.44842931628227234,0.39564967155456543
1679644,0.44579315185546875,0.37537893652915955,0.44309160113334656,0.3942195773124695
1679744,0.4874090254306793,0.41194018721580505,0.4704541862010956,0.4487851560115814
1679844,0.482585608959198,0.41261231899261475,0.4689282476902008,0.45225203037261963
1679944,0.4958980083465576,0.40618130564689636,0.47150760889053345,0.43353232741355896
1680044,0.440382719039917,0.380264550447464,0.4440135359764099,0.3750254809856415
1680144,0.4855595529079437,0.4169450104236603,0.47074154019355774,0.4352031350135803
1680244,0.4862707257270813,0.40774011611938477,0.467621386051178,0.4215860366821289
1680344,0.510558545589447,0.44857698678970337,0.4914529621601105,0.48631009459495544
1680444,0.4890994727611542,0.4160597324371338,0.4705923795700073,0.42185133695602417
1680544,0.5127962827682495,0.42424339056015015,0.4844059646129608,0.45745599269866943
1680644,0.5112015008926392,0.42365628480911255,0.4845709204673767,0.4649146795272827
1680744,0.516046404838562,0.44023674726486206,0.49206817150115967,0.48580917716026306
1680844,0.5215101838111877,0.43959054350852966,0.495067298412323,0.4914686381816864
1680944,0.518392026424408,0.43820929527282715,0.4924132227897644,0.4850177466869354
1681044,0.48236745595932007,0.41018974781036377,0.46626147627830505,0.4169185161590576
1681144,0.47347143292427063,0.3985399007797241,0.45924070477485657,0.392092764377594
1681244,0.4941152036190033,0.4186916947364807,0.4739404320716858,0.43766799569129944
1681344,0.4904857575893402,0.41403788328170776,0.47092947363853455,0.428539901971817
1681444,0.48836392164230347,0.4127638339996338,0.46966639161109924,0.4245617091655731
1681544,0.49146032333374023,0.4158516526222229,0.4721302092075348,0.43232518434524536
1681644,0.48794591426849365,0.41283130645751953,0.4696462154388428,0.42546623945236206
1681744,0.49050572514533997,0.4152451753616333,0.4715898633003235,0.43097367882728577
1681844,0.48949095606803894,0.41389381885528564,0.4707724153995514,0.42769211530685425
1681944,0.48939448595046997,0.41384267807006836,0.47081121802330017,0.42809200286865234
1682044,0.49195346236228943,0.4167437255382538,0.47291696071624756,0.43371134996414185
1682144,0.4890010356903076,0.4138060212135315,0.47073158621788025,0.42711544036865234
1682244,0.49172550439834595,0.41615480184555054,0.472691148519516,0.4311802387237549
1682344,0.4895522892475128,0.41481101512908936,0.4714258909225464,0.428945928812027
1682444,0.490024596452713,0.4152931869029999,0.47183409333229065,0.43001461029052734
1682544,0.4903331995010376,0.4157295227050781,0.4720931947231293,0.4304544925689697
1682644,0.48978936672210693,0.41572117805480957,0.47195133566856384,0.4304622411727905
1682744,0.49004465341567993,0.4159417748451233,0.4721565544605255,0.4309380054473877
1682844,0.4904433786869049,0.41623827815055847,0.4724179804325104,0.4310598075389862
1682944,0.49005261063575745,0.4154326617717743,0.4720451235771179,0.4297599494457245
1683044,0.4907248914241791,0.4165199398994446,0.4726383090019226,0.4315687417984009
1683144,0.48940321803092957,0.41521012783050537,0.4716917872428894,0.4290175437927246
1683244,0.4904627799987793,0.4168509244918823,0.47270920872688293,0.4325737953186035
1683344,0.4903012812137604,0.4160296320915222,0.47235289216041565,0.43071359395980835
1683444,0.4905466139316559,0.4158916473388672,0.4724096655845642,0.4307258427143097
1683544,0.4896409213542938,0.41576138138771057,0.47194597125053406,0.43044957518577576
1683644,0.489942729473114,0.41528987884521484,0.471940815448761,0.42959967255592346
1683744,0.48994913697242737,0.41527506709098816,0.47191324830055237,0.4301995635032654
1683844,0.49045607447624207,0.41580262780189514,0.4722956717014313,0.4307105839252472
1683944,0.4900912046432495,0.4157944619655609,0.4721597135066986,0.4301568269729614
1684044,0.4905799627304077,0.415945827960968,0.47236016392707825,0.43104052543640137
1684144,0.4896391034126282,0.41535142064094543,0.4718010127544403,0.42965203523635864
1684244,0.49053701758384705,0.41579410433769226,0.4723068177700043,0.43054983019828796
1684344,0.4899958074092865,0.415542334318161,0.4720441699028015,0.4303712546825409
1684444,0.48884332180023193,0.41469472646713257,0.4712229371070862,0.4273378849029541
1684544,0.48711928725242615,0.41083472967147827,0.46875590085983276,0.40868768095970154
1684644,0.4680503308773041,0.39723125100135803,0.45764514803886414,0.38893991708755493
1684744,0.5279032588005066,0.45125484466552734,0.5033209323883057,0.5096895098686218
1684844,0.4490852653980255,0.3925228714942932,0.4499126374721527,0.3555990755558014
1684944,0.4533238112926483,0.38377439975738525,0.448859840631485,0.35326850414276123
1685044,0.4809895157814026,0.4090195894241333,0.4658823013305664,0.41399192810058594
1685144,0.45462706685066223,0.3818908929824829,0.4484497308731079,0.35409486293792725
1685244,0.49875304102897644,0.42457759380340576,0.479278028011322,0.4488258957862854
1685344,0.5168588161468506,0.4379807114601135,0.493008553981781,0.48866647481918335
1685444,0.46901145577430725,0.43357494473457336,0.46674200892448425,0.4294871985912323
1685544,0.4596904516220093,0.35470908880233765,0.441264808177948,0.3231295943260193
1685644,0.4871680438518524,0.35308903455734253,0.4501611590385437,0.34778672456741333
1685744,0.531598687171936,0.3168054223060608,0.45996615290641785,0.34748297929763794
1685844,0.5179494619369507,0.268699049949646,0.4439844489097595,0.2429048717021942
1685944,0.5270246863365173,0.32622450590133667,0.4692533314228058,0.32059580087661743
1686044,0.5326124429702759,0.34072256088256836,0.47820037603378296,0.3405963182449341
1686144,0.5366250872612,0.3404925465583801,0.48100268840789795,0.3394918441772461
1686244,0.5391286015510559,0.3350323438644409,0.4808619022369385,0.3296462893486023
1686344,0.5411026477813721,0.3340153396129608,0.4826239049434662,0.32888004183769226
1686444,0.543374240398407,0.3534196615219116,0.49211928248405457,0.3512769937515259
1686544,0.540884792804718,0.3541714549064636,0.4919877350330353,0.35063886642456055
1686644,0.49319979548454285,0.3298667073249817,0.4701630473136902,0.26136377453804016
1686744,0.5160808563232422,0.34073615074157715,0.47901567816734314,0.2901812791824341
1686844,0.5349442362785339,0.35395070910453796,0.4893510043621063,0.34128862619400024
1686944,0.5434873104095459,0.36295878887176514,0.495623379945755,0.3419717848300934
1687044,0.48022305965423584,0.315342515707016,0.4619857668876648,0.2315470576286316
1687144,0.5003424882888794,0.3287580907344818,0.47024041414260864,0.27032220363616943
1687244,0.5254903435707092,0.3474317193031311,0.48363280296325684,0.31675535440444946
1687344,0.545640230178833,0.36179494857788086,0.49573269486427307,0.3565661907196045
1687444,0.539271354675293,0.3569381833076477,0.49151667952537537,0.3444732427597046
1687544,0.5419320464134216,0.35873305797576904,0.49313536286354065,0.34919098019599915
1687644,0.5409932136535645,0.3583160936832428,0.49264514446258545,0.3476482033729553
1687744,0.5417369604110718,0.35906049609184265,0.49320751428604126,0.34889838099479675
1687844,0.5414742827415466,0.3585425019264221,0.49292507767677307,0.34762853384017944
1687944,0.5403933525085449,0.3580029010772705,0.4923304319381714,0.34782862663269043
1688044,0.5326099991798401,0.37773755192756653,0.49708202481269836,0.36436212062835693
1688144,0.463893324136734,0.44118064641952515,0.48479652404785156,0.3468545973300934
1688244,0.5246557593345642,0.5591123104095459,0.5174746513366699,0.5774590373039246
1688344,0.5200546979904175,0.49867233633995056,0.508701503276825,0.5429887175559998
1688445,0.48972102999687195,0.4327144920825958,0.4764564037322998,0.42162594199180603
1688545,0.505802571773529,0.5120831727981567,0.49892404675483704,0.5473113059997559
1688645,0.48111996054649353,0.5355512499809265,0.4825385510921478,0.5911887884140015
1688745,0.4584422707557678,0.5169668793678284,0.4642409384250641,0.5543782711029053
1688845,0.46479928493499756,0.4745064973831177,0.46310901641845703,0.5082946419715881
1688945,0.45736441016197205,0.463608980178833,0.45625296235084534,0.48345422744750977
1689045,0.46307188272476196,0.4666617512702942,0.45956340432167053,0.48991093039512634
1689145,0.4617958068847656,0.4727080762386322,0.4599456787109375,0.49835506081581116
1689245,0.45990973711013794,0.459891676902771,0.4565885663032532,0.4811360239982605
1689346,0.4598861634731293,0.4562692642211914,0.45612818002700806,0.4770684242248535
1689446,0.4699445962905884,0.462817907333374,0.4643036425113678,0.5017833709716797
1689546,0.4351625144481659,0.4305478632450104,0.43969929218292236,0.42038267850875854
1689646,0.4613338112831116,0.455861359834671,0.4576874375343323,0.4781199097633362
1689746,0.46396511793136597,0.45879870653152466,0.45985621213912964,0.4835309088230133
1689846,0.4607290029525757,0.4551108777523041,0.4574527144432068,0.4760550558567047
1689946,0.46278876066207886,0.45747461915016174,0.45908123254776,0.4801945984363556
1690046,0.4626544117927551,0.4569409191608429,0.4589039981365204,0.4785693883895874
1690146,0.462471067905426,0.4575812518596649,0.45910823345184326,0.4800659120082855
1690246,0.4618993103504181,0.45677170157432556,0.45857667922973633,0.4778744876384735
1690346,0.46246981620788574,0.4572838246822357,0.45904740691185,0.47933995723724365
1690444,0.46272581815719604,0.45735955238342285,0.45911797881126404,0.4786170721054077
1690544,0.4629351496696472,0.4577086865901947,0.4591854512691498,0.4786023795604706
1690644,0.4625967741012573,0.4580270051956177,0.4592388868331909,0.47979962825775146
1690744,0.4624643325805664,0.4576707184314728,0.4590033292770386,0.4786476790904999
1690844,0.46261441707611084,0.4576832056045532,0.45909810066223145,0.4792433977127075
1690944,0.46286001801490784,0.4577120244503021,0.4592301845550537,0.4795912802219391
1691044,0.4636922776699066,0.4582924544811249,0.45968401432037354,0.48001185059547424
1691144,0.46234452724456787,0.4567268192768097,0.4584973454475403,0.4762515425682068
1691244,0.4682607352733612,0.46238216757774353,0.4631323516368866,0.4900147616863251
1691344,0.4707854688167572,0.4633728861808777,0.4647102653980255,0.4932916760444641
1691444,0.463451623916626,0.45795539021492004,0.4592302739620209,0.478866845369339
1691544,0.46220552921295166,0.45787498354911804,0.45856332778930664,0.4781542718410492
1691644,0.4581485688686371,0.4671148657798767,0.45784199237823486,0.48682183027267456
1691744,0.45940715074539185,0.466646671295166,0.45819076895713806,0.48662126064300537
1691844,0.45189085602760315,0.5014764666557312,0.45793813467025757,0.5252752304077148
1691944,0.4574214220046997,0.4701084494590759,0.45649996399879456,0.49120476841926575
1692044,0.4563092887401581,0.4812746047973633,0.4572097361087799,0.5034069418907166
1692144,0.4574671983718872,0.467989981174469,0.455536425113678,0.4881763756275177
1692244,0.4565349519252777,0.46548980474472046,0.4546523988246918,0.48556065559387207
1692344,0.45685845613479614,0.46627336740493774,0.4548458755016327,0.4856392443180084
1692444,0.46241438388824463,0.45858412981033325,0.45596009492874146,0.4771316647529602
1692544,0.46540266275405884,0.4711519777774811,0.45949968695640564,0.49089232087135315
1692644,0.45656949281692505,0.4647715985774994,0.45456740260124207,0.4846339225769043
1692744,0.459062397480011,0.4674731492996216,0.45615750551223755,0.4872741401195526
1692844,0.4572482109069824,0.46528884768486023,0.4548659324645996,0.48488470911979675
1692944,0.45774635672569275,0.46601229906082153,0.4552423357963562,0.48599258065223694
1693044,0.4569503664970398,0.4652641713619232,0.45476189255714417,0.485180526971817
1693144,0.4575919806957245,0.4662497341632843,0.45522141456604004,0.4863447844982147
1693244,0.4566662907600403,0.4650813341140747,0.45463383197784424,0.48528626561164856
1693344,0.45729073882102966,0.46558496356010437,0.4550173282623291,0.4859001636505127
1693444,0.45685678720474243,0.46496161818504333,0.4547334313392639,0.48519599437713623
1693544,0.4576582908630371,0.465882271528244,0.4553171396255493,0.48626789450645447
1693644,0.462858110666275,0.4598538279533386,0.4564844071865082,0.4781922698020935
1693744,0.4587094783782959,0.4603293538093567,0.45527440309524536,0.48078083992004395
1693844,0.4564984142780304,0.47203096747398376,0.4561147391796112,0.49288609623908997
1693944,0.4558683931827545,0.4498261511325836,0.45185282826423645,0.46764296293258667
1694044,0.45934584736824036,0.4444059729576111,0.4524422883987427,0.4603777527809143
1694144,0.4680011570453644,0.4127514958381653,0.4492320418357849,0.42958980798721313
1694244,0.46391502022743225,0.44823893904685974,0.45752444863319397,0.4690447151660919
1694344,0.4639143645763397,0.45609572529792786,0.4591805934906006,0.4776178300380707
1694444,0.46428096294403076,0.4585866928100586,0.45990410447120667,0.481188029050827
1694544,0.4634789526462555,0.4566041827201843,0.45909583568573,0.4780128002166748
1694644,0.46371614933013916,0.45709228515625,0.4593818485736847,0.47889187932014465
1694744,0.46242210268974304,0.45613402128219604,0.45861688256263733,0.47737258672714233
1694844,0.4628628194332123,0.45656144618988037,0.45889902114868164,0.4783658981323242
1694944,0.4637146592140198,0.45736515522003174,0.4593827426433563,0.4787575900554657
1695044,0.46369272470474243,0.4571602940559387,0.45925360918045044,0.47803279757499695
1695144,0.4630078971385956,0.4564688801765442,0.4588712155818939,0.47795572876930237
1695244,0.46332451701164246,0.4567974805831909,0.4591253697872162,0.47875887155532837
1695344,0.46372783184051514,0.45750120282173157,0.4594200849533081,0.4795372188091278
1695444,0.4630733132362366,0.45652374625205994,0.4588890075683594,0.47818148136138916
1695544,0.46348047256469727,0.4570370018482208,0.45910191535949707,0.47844353318214417
1695644,0.4630851149559021,0.45655685663223267,0.4587749242782593,0.4775252938270569
1695744,0.46397435665130615,0.4574694335460663,0.45937925577163696,0.47885680198669434
1695844,0.4632151126861572,0.45715296268463135,0.4589577317237854,0.47827982902526855
1695944,0.4640328884124756,0.45723897218704224,0.45936650037765503,0.4787209630012512
1696044,0.46386319398880005,0.4575297236442566,0.45929545164108276,0.47869858145713806
1696144,0.4633842408657074,0.45721712708473206,0.45911669731140137,0.4791508615016937
1696244,0.4639109671115875,0.45741114020347595,0.4593423902988434,0.47880128026008606
1696344,0.46367353200912476,0.4573543667793274,0.45917677879333496,0.47877392172813416
1696444,0.46362271904945374,0.4569580852985382,0.45905306935310364,0.47841426730155945
1696544,0.463870108127594,0.4573770761489868,0.4592326879501343,0.4791224002838135
1696644,0.4640054702758789,0.45774734020233154,0.4594362676143646,0.47956857085227966
1696744,0.4637855589389801,0.4568297266960144,0.45910388231277466,0.478010356426239
1696844,0.46409690380096436,0.4572601020336151,0.4592827558517456,0.4785665273666382
1696944,0.46396318078041077,0.4574519991874695,0.4593033492565155,0.4793878197669983
1697044,0.46372532844543457,0.45670801401138306,0.45897287130355835,0.47788962721824646
1697144,0.4634462594985962,0.4568632245063782,0.4589337706565857,0.4788126051425934
1697244,0.46308621764183044,0.4562425911426544,0.45855388045310974,0.47724276781082153
1697344,0.46290525794029236,0.4567013084888458,0.45856595039367676,0.47725844383239746
1697444,0.46341997385025024,0.45696601271629333,0.458861380815506,0.4778077006340027
1697544,0.4634888470172882,0.4567793905735016,0.4588926434516907,0.47789180278778076
1697644,0.4632037281990051,0.45736634731292725,0.4588519036769867,0.47832369804382324
1697744,0.46301406621932983,0.4566672444343567,0.4586552083492279,0.47781985998153687
1697844,0.4637366831302643,0.4571782648563385,0.4591616690158844,0.4793637990951538
1697944,0.46358761191368103,0.4572950601577759,0.4590597152709961,0.4787822961807251
1698044,0.46314311027526855,0.4565170705318451,0.4586595892906189,0.4774913787841797
1698144,0.4639570713043213,0.4578132629394531,0.45936551690101624,0.47964295744895935
1698244,0.46380025148391724,0.4577719569206238,0.45925965905189514,0.47925931215286255
1698344,0.4634779691696167,0.45722585916519165,0.45906904339790344,0.47890958189964294
1698444,0.46315059065818787,0.45733895897865295,0.4589385688304901,0.4790273606777191
1698544,0.46404290199279785,0.4572858214378357,0.4593329429626465,0.47898197174072266
1698644,0.4636708199977875,0.45710650086402893,0.4590754210948944,0.4783487915992737
1698744,0.46306511759757996,0.4563526511192322,0.4586843252182007,0.4777644872665405
1698844,0.46351251006126404,0.4569835960865021,0.4589858651161194,0.47809654474258423
1698944,0.46323275566101074,0.4571419954299927,0.4589307904243469,0.478828489780426
1699044,0.4631306231021881,0.4571893811225891,0.4588788151741028,0.47889095544815063
1699144,0.4641450047492981,0.4574858248233795,0.4593653082847595,0.4788793921470642
1699244,0.4634815752506256,0.457172691822052,0.45905083417892456,0.47845184803009033
1699344,0.46360981464385986,0.45724695920944214,0.4591464698314667,0.4790915846824646
1699444,0.46341997385025024,0.456877738237381,0.45897260308265686,0.4786171317100525
1699544,0.46398934721946716,0.45719707012176514,0.4593096971511841,0.478655606508255
1699644,0.46372440457344055,0.45717430114746094,0.4591488242149353,0.4784606397151947
1699744,0.46338775753974915,0.4569976031780243,0.4589337706565857,0.47811639308929443
1699844,0.4635019302368164,0.4573659896850586,0.45914751291275024,0.47929903864860535
1699944,0.46337148547172546,0.45713818073272705,0.45902344584465027,0.47829365730285645
1700044,0.463952898979187,0.45732006430625916,0.4593712091445923,0.47923025488853455
1700144,0.46374329924583435,0.45726311206817627,0.45921623706817627,0.478961318731308
1700244,0.463672399520874,0.4572855234146118,0.4591512680053711,0.47867679595947266
1700344,0.46420300006866455,0.45741137862205505,0.45942336320877075,0.47851502895355225
1700444,0.4628075361251831,0.45669305324554443,0.45877861976623535,0.47870802879333496
1700544,0.4633142650127411,0.4569118022918701,0.45907363295555115,0.47889086604118347
1700644,0.46335065364837646,0.45729368925094604,0.459134966135025,0.4792306125164032
1700744,0.46293777227401733,0.4567258059978485,0.4588986039161682,0.4786502420902252
1700844,0.4630732834339142,0.4560832977294922,0.4587634801864624,0.4774267077445984
1700944,0.4633041024208069,0.45654645562171936,0.4590300917625427,0.4783286154270172
1701044,0.46372270584106445,0.4573269486427307,0.45930835604667664,0.4788735508918762
1701144,0.4635612964630127,0.4573678970336914,0.45932286977767944,0.4792158603668213
1701244,0.46348217129707336,0.4572916328907013,0.45927396416664124,0.47881263494491577
1701344,0.46349459886550903,0.4571024775505066,0.45919671654701233,0.4783252477645874
1701444,0.46406659483909607,0.4568776488304138,0.45935162901878357,0.47775042057037354
1701544,0.46370384097099304,0.45778918266296387,0.45943379402160645,0.4794284999370575
1701644,0.46345949172973633,0.45725125074386597,0.45924535393714905,0.4786776006221771
1701744,0.4639282822608948,0.4576813280582428,0.45952072739601135,0.479240357875824
1701844,0.4629441499710083,0.45688027143478394,0.45891115069389343,0.47847414016723633
1701944,0.4639280438423157,0.4571227431297302,0.4593485891819,0.4787193834781647
1702044,0.46343564987182617,0.457078218460083,0.45904070138931274,0.4783419370651245
1702144,0.463647723197937,0.45763829350471497,0.4592535197734833,0.4790899157524109
1702244,0.4632219970226288,0.4565742611885071,0.4588441252708435,0.4777362048625946
1702344,0.4637816548347473,0.45769715309143066,0.4593895673751831,0.47958511114120483
1702444,0.4637819826602936,0.4569716453552246,0.45912742614746094,0.47819197177886963
1702544,0.46382206678390503,0.45758602023124695,0.4592698812484741,0.4794396162033081
1702644,0.4633182883262634,0.4567326307296753,0.4588545262813568,0.4783451557159424
1702744,0.4635818600654602,0.45746949315071106,0.45913687348365784,0.4791344106197357
1702844,0.463873952627182,0.457466721534729,0.45919233560562134,0.4789934456348419
1702944,0.4634134769439697,0.4567476809024811,0.45882922410964966,0.4781799018383026
1703044,0.46287351846694946,0.456794798374176,0.458626389503479,0.4786151051521301
1703144,0.46319305896759033,0.45670026540756226,0.45867615938186646,0.478035569190979
1703244,0.46341198682785034,0.45690566301345825,0.4588108956813812,0.4781487286090851
1703344,0.4633198380470276,0.4564518332481384,0.4586805999279022,0.47762012481689453
1703444,0.46351027488708496,0.4566527307033539,0.45891904830932617,0.4786871671676636
1703544,0.4627453088760376,0.45663315057754517,0.4585205316543579,0.4780307710170746
1703644,0.46386635303497314,0.4569200873374939,0.45912089943885803,0.4785683751106262
1703744,0.46387922763824463,0.45693913102149963,0.4591098129749298,0.4786975681781769
1703844,0.4640927314758301,0.457368940114975,0.4592798054218292,0.47891709208488464
1703944,0.4627577066421509,0.45641836524009705,0.4585299789905548,0.4778185784816742
1704044,0.4636225700378418,0.456994891166687,0.45902109146118164,0.47860127687454224
1704144,0.46288108825683594,0.4563223123550415,0.4584876000881195,0.4774682819843292
1704244,0.46338558197021484,0.4566325843334198,0.45880553126335144,0.47754132747650146
1704344,0.4633025825023651,0.45629945397377014,0.4586797058582306,0.4769204258918762
1704444,0.4630771279335022,0.4565645754337311,0.45867201685905457,0.47768306732177734
1704544,0.4629811942577362,0.4569960832595825,0.4587050974369049,0.47795435786247253
1704644,0.46323248744010925,0.45704343914985657,0.45897194743156433,0.47954031825065613
1704744,0.4625089168548584,0.4556444585323334,0.4582996070384979,0.47669437527656555
1704844,0.4622876048088074,0.45597025752067566,0.45828777551651,0.47717759013175964
1704944,0.4632064998149872,0.45739346742630005,0.45903438329696655,0.4793481230735779
1705044,0.46302521228790283,0.45650482177734375,0.45875847339630127,0.47824183106422424
1705145,0.463373064994812,0.45651429891586304,0.4589371383190155,0.47813838720321655
1705244,0.46320459246635437,0.4564065635204315,0.458881676197052,0.47848203778266907
1705345,0.46286553144454956,0.4564109146595001,0.45860007405281067,0.4772152900695801
1705444,0.4633362889289856,0.45673641562461853,0.45892709493637085,0.47809135913848877
1705544,0.46310749650001526,0.45669615268707275,0.4589192569255829,0.47866567969322205
1705645,0.4633699655532837,0.4565284252166748,0.45906656980514526,0.4784790575504303
1705745,0.46370840072631836,0.45706304907798767,0.45927760004997253,0.4789219796657562
1705844,0.4633462727069855,0.45670846104621887,0.45899736881256104,0.47799426317214966
1705944,0.46379441022872925,0.4571334719657898,0.459295392036438,0.4783962070941925
1706045,0.46306827664375305,0.4567328095436096,0.45893988013267517,0.4782937467098236
1706145,0.46317076683044434,0.45713430643081665,0.4591236114501953,0.4791281819343567
1706245,0.463570773601532,0.45709750056266785,0.4593190848827362,0.47892123460769653
1706345,0.4627242684364319,0.4560285806655884,0.4586753845214844,0.4774090051651001
1706445,0.46350058913230896,0.45705756545066833,0.45929622650146484,0.47904297709465027
1706546,0.4636879563331604,0.45693784952163696,0.4592551589012146,0.4780999720096588
1706646,0.46327340602874756,0.45651888847351074,0.4589844048023224,0.4780561923980713
1706746,0.46409866213798523,0.45754575729370117,0.4595961570739746,0.4796745181083679
1706846,0.4636134207248688,0.45723801851272583,0.45921605825424194,0.47850653529167175
1706946,0.4640791416168213,0.4568585753440857,0.45926982164382935,0.47784966230392456
1707044,0.4635639786720276,0.4570952355861664,0.4591410458087921,0.47881731390953064
1707144,0.46349775791168213,0.45425140857696533,0.4584302604198456,0.4741702675819397
1707244,0.4635620713233948,0.45786052942276,0.4592898488044739,0.4796588718891144
1707344,0.46336448192596436,0.4827113747596741,0.46319514513015747,0.5119473338127136
1707444,0.46187350153923035,0.4594429135322571,0.45835965871810913,0.48165103793144226
1707544,0.462696373462677,0.4592684805393219,0.45869457721710205,0.4808380901813507
1707644,0.4615248441696167,0.4576888978481293,0.45789164304733276,0.47867751121520996
1707744,0.4622475802898407,0.4594118595123291,0.4587531089782715,0.4813036024570465
1707844,0.4613720774650574,0.4553526043891907,0.45752474665641785,0.47548070549964905
1707944,0.46285778284072876,0.45908695459365845,0.45905426144599915,0.48038989305496216
1708044,0.46307021379470825,0.45929720997810364,0.4591963291168213,0.48132264614105225
1708144,0.4622655212879181,0.45840415358543396,0.4585827589035034,0.48013830184936523
1708244,0.4630745053291321,0.45897096395492554,0.45903465151786804,0.4809631407260895
1708344,0.4628371000289917,0.45898282527923584,0.4589267671108246,0.4805178642272949
1708444,0.4631589651107788,0.4589577913284302,0.45914435386657715,0.4808393120765686
1708544,0.46254611015319824,0.4589471220970154,0.45883142948150635,0.4809413552284241
1708644,0.4627947211265564,0.45898985862731934,0.4588630497455597,0.4804525375366211
1708744,0.4624089300632477,0.4581945836544037,0.4584586024284363,0.4791126251220703
1708844,0.46253687143325806,0.4586193859577179,0.4587688744068146,0.4802149534225464
1708944,0.4604595899581909,0.45551180839538574,0.45687752962112427,0.4743916094303131
1709044,0.4776744246482849,0.46272438764572144,0.4689522087574005,0.503061056137085
1709144,0.465023398399353,0.45459574460983276,0.45999857783317566,0.48485076427459717
1709244,0.46194636821746826,0.45461058616638184,0.4584383964538574,0.4818567633628845
1709344,0.46163585782051086,0.43814733624458313,0.45452189445495605,0.45883694291114807
1709444,0.4665261209011078,0.45388856530189514,0.4610772728919983,0.484016090631485
1709544,0.46594542264938354,0.44914522767066956,0.4598051607608795,0.47768348455429077
1709644,0.4720509350299835,0.4492771029472351,0.46291583776474,0.477877676486969
1709744,0.46894124150276184,0.44669345021247864,0.4611283540725708,0.474703311920166
1709844,0.4635576009750366,0.43904435634613037,0.4571705460548401,0.4639734625816345
1709944,0.4724179208278656,0.4450494050979614,0.46308380365371704,0.4737780690193176
1710044,0.47293907403945923,0.4403262138366699,0.4625157117843628,0.47026950120925903
1710144,0.4649159610271454,0.4332757592201233,0.45725709199905396,0.4530460834503174
1710244,0.4763906002044678,0.4482470154762268,0.46669113636016846,0.4785086214542389
1710344,0.4737464189529419,0.4379957318305969,0.46324920654296875,0.4661135673522949
1710444,0.47163182497024536,0.4316409230232239,0.46098288893699646,0.45537611842155457
1710544,0.4735325276851654,0.4353146255016327,0.4631243348121643,0.46006330847740173
1710644,0.46830934286117554,0.4299317002296448,0.45981961488723755,0.4523434340953827
1710744,0.47851571440696716,0.4359584450721741,0.46598732471466064,0.46225473284721375
1710844,0.4654878079891205,0.4242353141307831,0.4576244056224823,0.44347676634788513
1710944,0.4739113450050354,0.43750137090682983,0.4648343324661255,0.4609881341457367
1711044,0.474617063999176,0.43552666902542114,0.46460676193237305,0.45789244771003723
1711144,0.4703558087348938,0.42393314838409424,0.45936861634254456,0.43655073642730713
1711244,0.4712526202201843,0.42412543296813965,0.45988065004348755,0.43458300828933716
1711344,0.4779207408428192,0.4377271831035614,0.466796875,0.4580197334289551
1711444,0.47754305601119995,0.4343661069869995,0.4656917154788971,0.4542459547519684
1711544,0.47565314173698425,0.42926958203315735,0.46347686648368835,0.4453234076499939
1711644,0.487257182598114,0.440438449382782,0.47282835841178894,0.4737623631954193
1711744,0.47523364424705505,0.4282025694847107,0.46322646737098694,0.4441455602645874
1711844,0.479625940322876,0.4341931641101837,0.4671637713909149,0.45706865191459656
1711944,0.475935161113739,0.4329317808151245,0.4650823771953583,0.45244067907333374
1712044,0.4778461456298828,0.43402910232543945,0.46623992919921875,0.45458194613456726
1712144,0.4756387174129486,0.43238306045532227,0.46467214822769165,0.44916871190071106
1712244,0.48023664951324463,0.43663161993026733,0.467948317527771,0.457600474357605
1712344,0.47997575998306274,0.4364336431026459,0.4676586389541626,0.455594003200531
1712444,0.47550255060195923,0.43117257952690125,0.46411842107772827,0.445817232131958
1712544,0.4806489944458008,0.43676602840423584,0.46816229820251465,0.45894289016723633
1712644,0.4759848713874817,0.43148982524871826,0.46430957317352295,0.4462633728981018
1712744,0.4802306890487671,0.4361329674720764,0.46762901544570923,0.45688825845718384
1712844,0.476305216550827,0.4323197305202484,0.464725136756897,0.44878336787223816
1712944,0.4796244502067566,0.4354914426803589,0.4671514928340912,0.4552452564239502
1713044,0.47779765725135803,0.4334033727645874,0.46568188071250916,0.4507429003715515
1713144,0.47802361845970154,0.4345855116844177,0.4663204550743103,0.4540657103061676
1713244,0.4774189293384552,0.4333922266960144,0.46563345193862915,0.4508435130119324
1713344,0.478133887052536,0.43446773290634155,0.46639296412467957,0.45371854305267334
1713444,0.47785863280296326,0.434193879365921,0.4662187397480011,0.4530915915966034
1713544,0.47790616750717163,0.43356892466545105,0.465999573469162,0.4515705406665802
1713644,0.477306067943573,0.4336220920085907,0.4658147990703583,0.45190703868865967
1713744,0.477766752243042,0.4340042471885681,0.46611347794532776,0.45291823148727417
1713844,0.47767406702041626,0.433832049369812,0.4660411775112152,0.452433705329895
1713944,0.47780925035476685,0.43457311391830444,0.46627727150917053,0.4535094201564789
1714044,0.47781285643577576,0.4343481957912445,0.46620121598243713,0.453016459941864
1714144,0.4775017499923706,0.43414029479026794,0.466054767370224,0.4531981945037842
1714244,0.4775812327861786,0.4345242381095886,0.46620115637779236,0.45345333218574524
1714344,0.4779004454612732,0.43411046266555786,0.4663117527961731,0.45314306020736694
1714444,0.47793108224868774,0.43486303091049194,0.46660473942756653,0.4547092318534851
1714544,0.4777895510196686,0.4345686435699463,0.4663649797439575,0.4533890187740326
1714644,0.47841429710388184,0.43454039096832275,0.4666522443294525,0.4532850980758667
1714744,0.47860702872276306,0.43569886684417725,0.46705111861228943,0.4549349844455719
1714844,0.4776628017425537,0.4342164695262909,0.46624794602394104,0.45315682888031006
1714944,0.47742775082588196,0.4343412518501282,0.46614712476730347,0.4528956413269043
1715044,0.477483332157135,0.43375420570373535,0.46605703234672546,0.4526938796043396
1715144,0.477228045463562,0.43441981077194214,0.46611982583999634,0.4534243941307068
1715244,0.4774252772331238,0.4337494373321533,0.465970903635025,0.4522674083709717
1715344,0.4779260754585266,0.43421873450279236,0.4663584530353546,0.45344963669776917
1715444,0.4776151180267334,0.4338597059249878,0.4661029279232025,0.4524112045764923
1715544,0.4773001968860626,0.43394219875335693,0.46603116393089294,0.45315855741500854
1715644,0.4772483706474304,0.4335764944553375,0.46588876843452454,0.45263558626174927
1715744,0.47743043303489685,0.43368515372276306,0.46597301959991455,0.4524276852607727
1715844,0.47741663455963135,0.4335326552391052,0.4659378230571747,0.45226791501045227
1715944,0.47771504521369934,0.43460631370544434,0.4663461446762085,0.45387357473373413
1716044,0.47730374336242676,0.43386775255203247,0.465899795293808,0.4522792398929596
1716144,0.47717374563217163,0.43388283252716064,0.46588385105133057,0.4523615539073944
1716244,0.4771108627319336,0.43401095271110535,0.4660133421421051,0.45363864302635193
1716344,0.4773016571998596,0.4337196350097656,0.4659847915172577,0.45237380266189575
1716444,0.4770932197570801,0.4335568845272064,0.4658339321613312,0.45230525732040405
1716544,0.47725290060043335,0.4337369203567505,0.4659835696220398,0.45186758041381836
1716644,0.4776095747947693,0.43408581614494324,0.46626996994018555,0.45239609479904175
1716744,0.4770685136318207,0.43365925550460815,0.46595820784568787,0.45228761434555054
1716844,0.47728076577186584,0.43350937962532043,0.46599042415618896,0.4519982933998108
1716944,0.47796714305877686,0.4352226257324219,0.46677151322364807,0.45450517535209656
1717044,0.47695592045783997,0.43373286724090576,0.46596530079841614,0.4525417983531952
1717144,0.47767844796180725,0.4344988167285919,0.46653419733047485,0.4536517262458801
1717244,0.47719821333885193,0.433554470539093,0.4660705327987671,0.45225653052330017
1717344,0.47773146629333496,0.4343876242637634,0.4664977490901947,0.45353320240974426
1717444,0.46546614170074463,0.4255562424659729,0.4584869146347046,0.4317997694015503
1717544,0.4887341558933258,0.441356360912323,0.4740242660045624,0.47292983531951904
1717644,0.4746253490447998,0.4322128891944885,0.4643547832965851,0.44782260060310364
1717744,0.466534286737442,0.4215805232524872,0.45774969458580017,0.4254126250743866
1717844,0.4621680676937103,0.4639183580875397,0.4644971489906311,0.47545325756073
1717944,0.47500136494636536,0.4358866810798645,0.464363157749176,0.4494563341140747
1718044,0.47113683819770813,0.46859264373779297,0.4694872796535492,0.4898814857006073
1718144,0.459817111492157,0.5065518021583557,0.4652271568775177,0.5338946580886841
1718244,0.4403611123561859,0.5263984203338623,0.4516773819923401,0.5412258505821228
1718344,0.459284245967865,0.4643455147743225,0.4565361738204956,0.4830395579338074
1718444,0.4612821638584137,0.4783908426761627,0.45961347222328186,0.5006439685821533
1718544,0.4560199975967407,0.4737291932106018,0.4556049108505249,0.4931681156158447
1718644,0.45699137449264526,0.4640243947505951,0.454383909702301,0.48213762044906616
1718744,0.45715752243995667,0.46392807364463806,0.4543945789337158,0.48180660605430603
1718844,0.45679932832717896,0.46336010098457336,0.45419880747795105,0.4816765785217285
1718944,0.4570285975933075,0.46020254492759705,0.45380493998527527,0.47800952196121216
1719044,0.4577712416648865,0.46119165420532227,0.4545884430408478,0.47950389981269836
1719144,0.4578404724597931,0.46325138211250305,0.45511865615844727,0.4817736744880676
1719244,0.45824506878852844,0.46430301666259766,0.45556342601776123,0.4832995533943176
1719344,0.4579271376132965,0.46395227313041687,0.4553892910480499,0.48227202892303467
1719444,0.45779651403427124,0.4637279212474823,0.4554354250431061,0.4823700487613678
1719544,0.45803001523017883,0.46370717883110046,0.45557576417922974,0.4822348952293396
1719644,0.4574158191680908,0.46396875381469727,0.4554182291030884,0.4825557768344879
1719744,0.45870697498321533,0.46451494097709656,0.456100732088089,0.4829910397529602
1719844,0.4585571885108948,0.4644581377506256,0.4560210704803467,0.48281678557395935
1719944,0.45800772309303284,0.46382877230644226,0.45571169257164,0.48276063799858093
1720044,0.4576074182987213,0.46371981501579285,0.455251544713974,0.4818805456161499
1720144,0.4582121670246124,0.4639245569705963,0.45576146245002747,0.4832131862640381
1720244,0.45799684524536133,0.4644482135772705,0.4557766616344452,0.4840654134750366
1720344,0.4582427740097046,0.4642335772514343,0.455807626247406,0.4832803010940552
1720444,0.4588286280632019,0.46590662002563477,0.4564043879508972,0.4854072034358978
1720544,0.4579284191131592,0.4632797837257385,0.4554581046104431,0.4813765287399292
1720644,0.4584273397922516,0.46400219202041626,0.45608949661254883,0.4829227030277252
1720744,0.45849448442459106,0.46318382024765015,0.455986887216568,0.4817057251930237
1720844,0.4570487439632416,0.4383101463317871,0.45035919547080994,0.4483559727668762
1720944,0.45093125104904175,0.38626962900161743,0.43331247568130493,0.37943053245544434
1721044,0.4546734690666199,0.4134629964828491,0.4447052478790283,0.40540578961372375
1721144,0.4658345580101013,0.4428810477256775,0.4577096402645111,0.45123761892318726
1721244,0.4684835970401764,0.44111424684524536,0.45917898416519165,0.4531879723072052
1721344,0.48304200172424316,0.46297234296798706,0.47308775782585144,0.49869680404663086
1721444,0.4667384624481201,0.4472864270210266,0.46030089259147644,0.4658350944519043
1721544,0.4689078629016876,0.4481621980667114,0.4615632891654968,0.4681225121021271
1721644,0.4679441452026367,0.44837766885757446,0.46124517917633057,0.46834486722946167
1721744,0.46674075722694397,0.4481605887413025,0.4606238603591919,0.46694085001945496
1721844,0.4672773778438568,0.4486294984817505,0.4610303044319153,0.4675861895084381
1721944,0.46689265966415405,0.4483008086681366,0.46084102988243103,0.46754661202430725
1722045,0.4678099453449249,0.4493194818496704,0.4614637494087219,0.46867650747299194
1722145,0.46696344017982483,0.4487365782260895,0.4610027074813843,0.46749454736709595
1722245,0.4672788977622986,0.4486635625362396,0.46111592650413513,0.46683505177497864
1722345,0.4672931432723999,0.4482567310333252,0.4611222743988037,0.4666101932525635
1722445,0.4675869643688202,0.4488997161388397,0.46135416626930237,0.46681541204452515
1722545,0.46765804290771484,0.44949427247047424,0.4616392254829407,0.468674898147583
1722645,0.4682513177394867,0.44955870509147644,0.4618479013442993,0.4676819145679474
1722745,0.46780925989151,0.4489564001560211,0.4615752398967743,0.46751996874809265
1722846,0.46802785992622375,0.44916513562202454,0.4615834057331085,0.4672655463218689
1722945,0.4687691032886505,0.4501436650753021,0.4622349739074707,0.46953892707824707
1723046,0.4677370488643646,0.4491676986217499,0.46143001317977905,0.4673154354095459
1723146,0.4659605324268341,0.46835416555404663,0.46421003341674805,0.48943352699279785
1723246,0.4696865677833557,0.4223789572715759,0.4556732773780823,0.43761536478996277
1723346,0.46954038739204407,0.44750773906707764,0.4622339606285095,0.4667840301990509
1723446,0.4716397523880005,0.4387997090816498,0.4615126848220825,0.4593983292579651
1723546,0.47402966022491455,0.420380175113678,0.4581884443759918,0.4378678500652313
1723646,0.4734339416027069,0.42466971278190613,0.45989468693733215,0.4417848587036133
1723744,0.4716646373271942,0.44044965505599976,0.4633259177207947,0.45933201909065247
1723844,0.4717165529727936,0.43955814838409424,0.46312642097473145,0.45741114020347595
1723944,0.4729357659816742,0.4419151544570923,0.4643707871437073,0.4618397355079651
1724044,0.47211754322052,0.44184622168540955,0.4639646112918854,0.4613798260688782
1724144,0.47401607036590576,0.4438791275024414,0.4653102457523346,0.4643711447715759
1724244,0.4725440740585327,0.4421280026435852,0.4641915261745453,0.46192193031311035
1724344,0.4731859266757965,0.44336774945259094,0.4648490846157074,0.4641517698764801
1724444,0.47253426909446716,0.442428320646286,0.46423691511154175,0.461758553981781
1724544,0.4731585383415222,0.44286298751831055,0.46467575430870056,0.4625980854034424
1724644,0.47297877073287964,0.44239288568496704,0.46456459164619446,0.4625857472419739
1724744,0.4722655713558197,0.4416275918483734,0.4640693962574005,0.46179628372192383
1724844,0.47374042868614197,0.4430626332759857,0.4649573564529419,0.4626731276512146
1724944,0.47314542531967163,0.4425816535949707,0.464568167924881,0.462627112865448
1725044,0.4727837145328522,0.44276610016822815,0.46452564001083374,0.4630429446697235
1725144,0.4730757474899292,0.44283831119537354,0.4646664261817932,0.4630555510520935
1725244,0.4733784794807434,0.4429769814014435,0.46473729610443115,0.46258193254470825
1725344,0.47319477796554565,0.4424598813056946,0.4645581841468811,0.4624186158180237
1725444,0.4730289876461029,0.4426913857460022,0.46452322602272034,0.4622870087623596
1725544,0.47420841455459595,0.4437023997306824,0.4653463065624237,0.46481019258499146
1725644,0.4732946753501892,0.4425322413444519,0.4645736813545227,0.46292370557785034
1725744,0.4736945331096649,0.44297176599502563,0.4648597240447998,0.4628711938858032
1725844,0.4730466604232788,0.44278329610824585,0.4644545912742615,0.4627642333507538
1725944,0.4737384021282196,0.4429582357406616,0.46478062868118286,0.4627954959869385
1726044,0.4732816815376282,0.4424916207790375,0.4644710421562195,0.46189355850219727
1726144,0.47342202067375183,0.44330963492393494,0.4647197723388672,0.46308884024620056
1726244,0.47357240319252014,0.442852258682251,0.464663028717041,0.4628582000732422
1726344,0.4737532436847687,0.44257816672325134,0.4646284878253937,0.4625067412853241
1726444,0.47321242094039917,0.4426320195198059,0.46438533067703247,0.46212369203567505
1726544,0.4729193150997162,0.4424746632575989,0.4642607271671295,0.46260204911231995
1726644,0.47340789437294006,0.4428917169570923,0.46459561586380005,0.4633167088031769
1726744,0.4734181761741638,0.4428778290748596,0.46457111835479736,0.4625820219516754
1726844,0.4729510247707367,0.44198673963546753,0.4641221761703491,0.461386501789093
1726944,0.4730429947376251,0.4426162838935852,0.464358925819397,0.4626248776912689
1727044,0.47308430075645447,0.44170957803726196,0.46408891677856445,0.46141767501831055
1727144,0.4730885326862335,0.44244998693466187,0.46432065963745117,0.4622575342655182
1727244,0.4724235534667969,0.44150644540786743,0.4637925922870636,0.4610612988471985
1727344,0.47314688563346863,0.4426518380641937,0.4644428491592407,0.46303218603134155
1727444,0.4722941815853119,0.4417516589164734,0.46383368968963623,0.46151360869407654
1727544,0.4734819829463959,0.44314339756965637,0.4646831154823303,0.46297672390937805
1727644,0.473384290933609,0.4427229166030884,0.46461471915245056,0.4630526900291443
1727744,0.47275033593177795,0.4422661066055298,0.4641641080379486,0.46183598041534424
1727844,0.4727856516838074,0.44196340441703796,0.46408534049987793,0.4613724648952484
1727944,0.4734362065792084,0.44283270835876465,0.4645877778530121,0.46290794014930725
1728044,0.47293469309806824,0.442260205745697,0.46425843238830566,0.46236109733581543
1728144,0.47242143750190735,0.4417182505130768,0.46397665143013,0.46123164892196655
1728244,0.47305071353912354,0.4420073628425598,0.46429213881492615,0.4612347483634949
1728344,0.47318118810653687,0.4422967731952667,0.4644741415977478,0.4620925188064575
1728444,0.47445952892303467,0.4442828893661499,0.4656321108341217,0.4661717414855957
1728544,0.4717649817466736,0.44069910049438477,0.46333134174346924,0.4587680995464325
1728644,0.4490773677825928,0.42629387974739075,0.4495728313922882,0.42152005434036255
1728744,0.4615074694156647,0.4503982961177826,0.4601286053657532,0.4604954123497009
1728844,0.487794429063797,0.4774552881717682,0.48010408878326416,0.5177026391029358
1728944,0.4499585032463074,0.4345773458480835,0.4503656327724457,0.43414729833602905
1729044,0.4484102427959442,0.43188807368278503,0.4485933482646942,0.4209808111190796
1729144,0.4621974527835846,0.4682031571865082,0.46153321862220764,0.47659897804260254
1729244,0.4677979350090027,0.45053958892822266,0.4608534872531891,0.4608894884586334
1729344,0.49721410870552063,0.4754919409751892,0.4852217435836792,0.5294461250305176
1729444,0.4679543972015381,0.4507007300853729,0.4613514542579651,0.47046375274658203
1729544,0.46780312061309814,0.4497748911380768,0.46106988191604614,0.4694101810455322
1729644,0.4669238030910492,0.448230117559433,0.4602324962615967,0.4666447937488556
1729744,0.4669431149959564,0.44819387793540955,0.46023446321487427,0.4663676619529724
1729844,0.4672636091709137,0.44884195923805237,0.4606373906135559,0.467507004737854
1729944,0.4677866995334625,0.4490426480770111,0.46093180775642395,0.46762949228286743
1730044,0.466108500957489,0.44820812344551086,0.4600740671157837,0.46685972809791565
1730144,0.46760624647140503,0.4490310549736023,0.460920512676239,0.4674649238586426
1730244,0.46691110730171204,0.4487612843513489,0.4606088101863861,0.46721482276916504
1730344,0.4671500623226166,0.4487067759037018,0.4606611132621765,0.4664970636367798
1730444,0.46746158599853516,0.4496234953403473,0.46113017201423645,0.4686727821826935
1730544,0.46752047538757324,0.4495857357978821,0.46131646633148193,0.46865320205688477
1730644,0.4666880667209625,0.4486194849014282,0.4606490135192871,0.4666019678115845
1730744,0.4677826762199402,0.4497498571872711,0.46146488189697266,0.4682007133960724
1730844,0.467838853597641,0.4504547119140625,0.4616740345954895,0.4689209759235382
1730944,0.4675440788269043,0.45012253522872925,0.46152666211128235,0.4689576029777527
1731044,0.4673519730567932,0.44946324825286865,0.4612739384174347,0.46808308362960815
1731144,0.4671073853969574,0.4495461583137512,0.46114012598991394,0.4681915044784546
1731244,0.4676813781261444,0.4498857855796814,0.46147555112838745,0.4686196744441986
1731344,0.4681906998157501,0.4502182900905609,0.4617447257041931,0.4686961770057678
1731444,0.4680289030075073,0.4505012631416321,0.46187108755111694,0.46959397196769714
1731544,0.46696022152900696,0.44935253262519836,0.461161345243454,0.46776336431503296
1731644,0.46767520904541016,0.45018890500068665,0.46157124638557434,0.46853986382484436
1731744,0.46743062138557434,0.45005422830581665,0.46148252487182617,0.4685646891593933
1731844,0.46800169348716736,0.44978803396224976,0.4616698622703552,0.46792683005332947
1731944,0.46746551990509033,0.4496813416481018,0.46144571900367737,0.4684739112854004
1732044,0.4680722951889038,0.45004433393478394,0.46158790588378906,0.46781229972839355
1732144,0.4681776165962219,0.4506090581417084,0.4617500901222229,0.4693194031715393
1732244,0.4674144983291626,0.44811195135116577,0.4607033431529999,0.46505293250083923
1732344,0.4673137664794922,0.44848355650901794,0.4607008397579193,0.46519336104393005
1732444,0.46774476766586304,0.44865190982818604,0.46107959747314453,0.4665306508541107
1732544,0.46853023767471313,0.45020991563796997,0.46185967326164246,0.469137579202652
1732644,0.46795544028282166,0.45020338892936707,0.4615263044834137,0.468741238117218
1732744,0.46754345297813416,0.44980233907699585,0.46122002601623535,0.46846169233322144
1732844,0.4673318862915039,0.4495455026626587,0.46108806133270264,0.46815457940101624
1732944,0.4676220118999481,0.44999241828918457,0.46127083897590637,0.46810948848724365
1733044,0.4676972031593323,0.44950369000434875,0.46123355627059937,0.46758103370666504
1733144,0.4673003554344177,0.4492006301879883,0.4610944986343384,0.4681786894798279
1733244,0.46777936816215515,0.44946983456611633,0.4612360894680023,0.46803513169288635
1733344,0.4674971103668213,0.4493524730205536,0.46111851930618286,0.4676016569137573
1733444,0.46762317419052124,0.4489157497882843,0.46102797985076904,0.4670766592025757
1733544,0.46748530864715576,0.4489217698574066,0.46098387241363525,0.46724212169647217
1733644,0.46771490573883057,0.44902488589286804,0.4611717462539673,0.46800464391708374
1733744,0.46751976013183594,0.4495076537132263,0.46117502450942993,0.46819326281547546
1733844,0.4683274030685425,0.44981929659843445,0.461713969707489,0.4691348075866699
1733944,0.4674822688102722,0.44975560903549194,0.4612548351287842,0.4683017134666443
1734044,0.46780991554260254,0.4496523141860962,0.46137234568595886,0.46855685114860535
1734144,0.4677285850048065,0.4496210217475891,0.4612697660923004,0.4680144190788269
1734244,0.46846920251846313,0.4496048092842102,0.4616662859916687,0.46821877360343933
1734344,0.46779823303222656,0.4496539533138275,0.46143144369125366,0.46832597255706787
1734444,0.46777716279029846,0.4498736560344696,0.4614422619342804,0.46893033385276794
1734544,0.4680670201778412,0.4499348998069763,0.46153873205184937,0.46854180097579956
1734644,0.468263179063797,0.44990307092666626,0.4616151452064514,0.46858179569244385
1734744,0.46799302101135254,0.4494625926017761,0.4614295959472656,0.4679466187953949
1734844,0.46774762868881226,0.44970303773880005,0.4613480269908905,0.46802228689193726
1734944,0.46787819266319275,0.45021843910217285,0.46155330538749695,0.4692367911338806
1735044,0.4674658477306366,0.4496743083000183,0.4612310528755188,0.4682856798171997
1735144,0.46736663579940796,0.44918057322502136,0.4610685706138611,0.46778035163879395
1735244,0.4676445722579956,0.4494018256664276,0.4612710475921631,0.467787504196167
1735344,0.46783381700515747,0.44990074634552,0.4613429307937622,0.4678947925567627
1735444,0.4675929546356201,0.4495980441570282,0.46126440167427063,0.46808141469955444
1735544,0.46720314025878906,0.4491897225379944,0.46095699071884155,0.46739640831947327
1735644,0.46774864196777344,0.44978445768356323,0.4613482356071472,0.4684425890445709
1735744,0.46783122420310974,0.44950583577156067,0.4613049328327179,0.46787914633750916
1735844,0.4671061038970947,0.44948309659957886,0.46096983551979065,0.4680464565753937
1735944,0.4681857228279114,0.4495108723640442,0.46136197447776794,0.4677581191062927
1736044,0.4676375389099121,0.44978028535842896,0.4613136351108551,0.46877941489219666
1736144,0.46737051010131836,0.44939038157463074,0.46103793382644653,0.46789970993995667
1736244,0.46783456206321716,0.4494130611419678,0.46135926246643066,0.46842727065086365
1736344,0.4679488241672516,0.4495009183883667,0.46140196919441223,0.46818816661834717
1736444,0.46790197491645813,0.44997438788414,0.46146291494369507,0.46905606985092163
1736544,0.46705949306488037,0.44938331842422485,0.4609842300415039,0.4680714011192322
1736644,0.46732205152511597,0.4490292966365814,0.4610435366630554,0.4679536819458008
1736744,0.46799391508102417,0.4499581754207611,0.4615526795387268,0.4690195322036743
1736844,0.46692606806755066,0.44954970479011536,0.46092578768730164,0.46810537576675415
1736944,0.4674077332019806,0.4493696093559265,0.4611402153968811,0.4676022529602051
1737044,0.46803492307662964,0.45019927620887756,0.4616539478302002,0.4688209891319275
1737144,0.46761345863342285,0.4498271942138672,0.461353600025177,0.4685498774051666
1737244,0.46743056178092957,0.4496927261352539,0.4612261652946472,0.4684380292892456
1737344,0.4679241180419922,0.4496803879737854,0.4613989293575287,0.46791043877601624
1737444,0.46797406673431396,0.449779748916626,0.4614843726158142,0.4685194492340088
1737544,0.4670775532722473,0.4488186836242676,0.4608382284641266,0.4667583107948303
1737644,0.4674963653087616,0.44914212822914124,0.4611847400665283,0.4680072069168091
1737744,0.4686281979084015,0.45040029287338257,0.46196597814559937,0.469419002532959
1737844,0.46778976917266846,0.4496912360191345,0.4613833427429199,0.4680010974407196
1737944,0.46827369928359985,0.44960570335388184,0.46154338121414185,0.46767592430114746
1738044,0.467792272567749,0.45004981756210327,0.4615151882171631,0.468628853559494
1738144,0.46765634417533875,0.4490754306316376,0.46116310358047485,0.4671425223350525
1738244,0.467842698097229,0.4497370719909668,0.4614097476005554,0.46818971633911133
1738345,0.4673128128051758,0.44892239570617676,0.4609360694885254,0.466609388589859
1738445,0.46736669540405273,0.44887423515319824,0.4610719382762909,0.467705637216568
1738545,0.46763622760772705,0.4498209059238434,0.4613252878189087,0.4682547450065613
1738645,0.467948317527771,0.4491173326969147,0.4613129794597626,0.46753162145614624
1738745,0.46739962697029114,0.44907549023628235,0.4612113833427429,0.4680168926715851
1738845,0.46737802028656006,0.44937217235565186,0.4612208306789398,0.46787819266319275
1738945,0.467807412147522,0.4495432376861572,0.4614141881465912,0.4674290120601654
1739045,0.4676947593688965,0.4497630000114441,0.4615180194377899,0.4686841070652008
1739145,0.46733036637306213,0.44927218556404114,0.46120524406433105,0.467658132314682
