Timestamp,logNN.px,logNN.py,logNN.pz
1650075,0.006304115056991577,0.0012391514610499144,-0.5077151656150818
1650175,0.006480042356997728,0.0012861989671364427,-0.507807731628418
1650275,0.006310560740530491,0.0012409051414579153,-0.5075769424438477
1650375,0.006188187748193741,0.001196677447296679,-0.5074811577796936
1650475,0.006296281702816486,0.0012773210182785988,-0.5078096389770508
1650575,0.006224348675459623,0.001283072168007493,-0.5075026750564575
1650675,0.005886181723326445,0.0012067320058122277,-0.5072426199913025
1650775,0.006023966707289219,0.0011746605159714818,-0.5071542263031006
1650875,0.005891455803066492,0.001187704037874937,-0.5071279406547546
1650975,0.005960812326520681,0.001154099008999765,-0.5072263479232788
1651075,0.006212596315890551,0.0011800577631220222,-0.5075127482414246
1651175,0.006008594762533903,0.001238564494997263,-0.5073309540748596
1651275,0.005941946525126696,0.0011634835973381996,-0.5072226524353027
1651375,0.006087669637054205,0.0011846328852698207,-0.5074384808540344
1651475,0.005957126151770353,0.0011617551790550351,-0.5071042776107788
1651575,0.0059342896565794945,0.0011582095175981522,-0.5071343779563904
1651675,0.005978553555905819,0.0011809064308181405,-0.5072119235992432
1651775,0.006069161929190159,0.0011665213387459517,-0.5073732733726501
1651875,0.006403972394764423,0.0012375371297821403,-0.5077812075614929
1651975,0.0065722097642719746,0.0012734484625980258,-0.507912814617157
1652075,0.006336487829685211,0.001299241092056036,-0.5077179074287415
1652175,0.006202929653227329,0.001286739599891007,-0.5075739026069641
1652275,0.006362388841807842,0.0012391398195177317,-0.507679283618927
1652375,0.006248658522963524,0.0011878046207129955,-0.5075014233589172
1652475,0.006131794769316912,0.001203734427690506,-0.5074107050895691
1652575,0.006190731190145016,0.001287655089981854,-0.5075693726539612
1652675,0.006478636059910059,0.0012669690186157823,-0.507799506187439
1652775,0.006115132477134466,0.001186734763905406,-0.507554829120636
1652875,0.006354766897857189,0.0012335843639448285,-0.5077497363090515
1652976,0.0061584776267409325,0.0012894102837890387,-0.5074037313461304
1653075,0.005411624442785978,0.001063234405592084,-0.5064955949783325
1653175,0.005706695839762688,0.0010561186354607344,-0.5068373084068298
1653276,0.005391962360590696,0.0010050932178273797,-0.5065232515335083
1653376,0.0051690819673240185,0.0009016611729748547,-0.5062205791473389
1653476,0.005398321896791458,0.00107297592330724,-0.506409227848053
1653576,0.005255493335425854,0.0010447558015584946,-0.5062993764877319
1653677,0.005154960323125124,0.001115657389163971,-0.5063372254371643
1653777,0.005025443155318499,0.0009882403537631035,-0.5061797499656677
1653877,0.00542352395132184,0.0010751764057204127,-0.5064312815666199
1653976,0.005616648122668266,0.0011147287441417575,-0.5068237781524658
1654076,0.005921931937336922,0.0011797446059063077,-0.507037341594696
1654177,0.006127540022134781,0.0011976483510807157,-0.5073749423027039
1654277,0.005946125369518995,0.0011606435291469097,-0.5071901082992554
1654377,0.005956001579761505,0.0011812419397756457,-0.5073153972625732
1654477,0.006163334473967552,0.001254464266821742,-0.5074991583824158
1654577,0.006220044568181038,0.0012155626900494099,-0.5075505375862122
1654675,0.00626451475545764,0.0012035235995426774,-0.5076428055763245
1654775,0.006383578293025494,0.0012300694361329079,-0.5076509118080139
1654875,0.006216880865395069,0.0012514782138168812,-0.50751131772995
1654975,0.006203942932188511,0.001216926029883325,-0.5076042413711548
1655075,0.006338390056043863,0.0011365305399522185,-0.5075869560241699
1655175,0.0064845397137105465,0.0013192350743338466,-0.5077710747718811
1655275,0.006486382335424423,0.0012489836663007736,-0.5078147053718567
1655375,0.0065602511167526245,0.0012608581455424428,-0.5079049468040466
1655475,0.006494646426290274,0.001364121213555336,-0.5078545808792114
1655575,0.006709929555654526,0.0013107390841469169,-0.5081552863121033
1655675,0.006745760329067707,0.0013842619955539703,-0.5082021355628967
1655775,0.006469793152064085,0.0012785065919160843,-0.5079305768013
1655875,0.006610158830881119,0.0012945150956511497,-0.5078821778297424
1655975,0.006274041719734669,0.0013048996916040778,-0.5076379776000977
1656075,0.005976207088679075,0.0012048986973240972,-0.5072720646858215
1656175,0.006115158088505268,0.001203778781928122,-0.5073264241218567
1656275,0.006295029539614916,0.0011843604734167457,-0.5077059268951416
1656375,0.006060176528990269,0.001239845878444612,-0.5073341131210327
1656475,0.005737606901675463,0.0011335521703585982,-0.5070120692253113
1656575,0.005836282856762409,0.0011156253749504685,-0.507099986076355
1656675,0.005714129190891981,0.001143810572102666,-0.5070309042930603
1656775,0.006264825817197561,0.0010902901412919164,-0.5075779557228088
1656875,0.0058869789354503155,0.0011776466853916645,-0.5072227716445923
1656975,0.005830847192555666,0.0012013176456093788,-0.5070761442184448
1657075,0.005857586394995451,0.0011314658913761377,-0.5071471333503723
1657175,0.00594056723639369,0.0011884236009791493,-0.5072506070137024
1657275,0.006241807248443365,0.0012278850190341473,-0.5075568556785583
1657375,0.0062934644520282745,0.0012546919751912355,-0.5076086521148682
1657475,0.006305920425802469,0.0012484312755987048,-0.5077214241027832
1657575,0.006665576249361038,0.0012917170533910394,-0.5080084800720215
1657675,0.006489523686468601,0.0012846759054809809,-0.5079298615455627
1657775,0.0063252635300159454,0.0011547874892130494,-0.5076994299888611
1657875,0.0063816639594733715,0.0012679215287789702,-0.5076390504837036
1657975,0.005722040310502052,0.0010861569317057729,-0.5070219039916992
1658075,0.0059114922769367695,0.001165386289358139,-0.5071906447410583
1658175,0.005791664123535156,0.0010947156697511673,-0.5069469213485718
1658275,0.00568668358027935,0.0010805539786815643,-0.5068475008010864
1658375,0.005649019032716751,0.0011181941954419017,-0.5068200826644897
1658475,0.005492249969393015,0.0010958054335787892,-0.5066930055618286
1658575,0.0055907410569489,0.001191491144709289,-0.5068051815032959
1658675,0.0058935703709721565,0.0011183309834450483,-0.5071958303451538
1658775,0.005703701172024012,0.0011099021648988128,-0.506954550743103
1658875,0.006335821934044361,0.001209436566568911,-0.5074928998947144
1658975,0.005928547587245703,0.0011511077173054218,-0.5070728659629822
1659075,0.005907808896154165,0.0011310642585158348,-0.5070147514343262
1659175,0.005653269123286009,0.001143244095146656,-0.5067809224128723
1659275,0.0056195384822785854,0.0010530637810006738,-0.5067462921142578
1659375,0.005735484417527914,0.001122223911806941,-0.5070012807846069
1659475,0.005987594835460186,0.0012203610967844725,-0.5072668194770813
1659575,0.006211265455931425,0.0011752210557460785,-0.5074983239173889
1659675,0.006053744349628687,0.0011638856958597898,-0.5073952078819275
1659775,0.006061905063688755,0.0012382343411445618,-0.5073689222335815
1659875,0.006264256779104471,0.0012748998124152422,-0.5075122714042664
1659975,0.00649383245036006,0.001287951017729938,-0.5078562498092651
1660075,0.0064157904125750065,0.0012358688982203603,-0.5077009201049805
1660175,0.006187732797116041,0.001221763319335878,-0.5074524283409119
1660275,0.005924949422478676,0.001186834299005568,-0.5070807933807373
1660375,0.005738965235650539,0.0011675404384732246,-0.5070972442626953
1660475,0.006047894712537527,0.0011240371968597174,-0.5073223114013672
1660575,0.006293785758316517,0.0012501011369749904,-0.5076050758361816
1660675,0.006192774046212435,0.0012021416332572699,-0.5074092149734497
1660775,0.006037789862602949,0.0012122943298891187,-0.5073034167289734
1660875,0.006067202426493168,0.0011912343325093389,-0.507336437702179
1660975,0.006386471912264824,0.0013098262716084719,-0.5076957941055298
1661075,0.006316172890365124,0.0011306764790788293,-0.5075663328170776
1661175,0.005877691321074963,0.0011877934448421001,-0.5073578357696533
1661275,0.0064131044782698154,0.0013235972728580236,-0.507686972618103
1661375,0.006415697745978832,0.0012085053604096174,-0.507828414440155
1661475,0.006185330916196108,0.0011645634658634663,-0.5074808597564697
1661575,0.006260485853999853,0.0012516173301264644,-0.5075507164001465
1661675,0.00633316719904542,0.0011995061067864299,-0.5077628493309021
1661775,0.006620619911700487,0.001220946665853262,-0.5080335736274719
1661875,0.00668974919244647,0.0012974580749869347,-0.5081537365913391
1661975,0.006488289684057236,0.0013888211688026786,-0.5078203678131104
1662075,0.006018505431711674,0.0012151498813182116,-0.5072816014289856
1662175,0.006033960729837418,0.0012453251983970404,-0.5072648525238037
1662275,0.006560096517205238,0.0012472844682633877,-0.5079547166824341
1662375,0.006298977416008711,0.0012910757213830948,-0.5076259970664978
1662475,0.006259046960622072,0.001225255778990686,-0.5075335502624512
1662575,0.005913610570132732,0.0011285573709756136,-0.5071235299110413
1662675,0.006034194491803646,0.0011865776032209396,-0.5073350071907043
1662775,0.0060622491873800755,0.001137790852226317,-0.5073306560516357
1662875,0.005703373812139034,0.0011876700446009636,-0.507006824016571
1662975,0.005713347811251879,0.0012008488411083817,-0.5069160461425781
1663075,0.005654690321534872,0.001124276197515428,-0.5069208145141602
1663175,0.005691893398761749,0.0011696977308019996,-0.5069267153739929
1663275,0.006121515296399593,0.0011223722249269485,-0.5073887705802917
1663375,0.006114887539297342,0.0012032847153022885,-0.507388710975647
1663475,0.005808659363538027,0.0011858466314151883,-0.5069910883903503
1663575,0.005255641881376505,0.0011448321165516973,-0.5062869787216187
1663675,0.004929979331791401,0.0009997801389545202,-0.5060026049613953
1663775,0.005057186353951693,0.0010772132081910968,-0.5061265230178833
1663875,0.005222520790994167,0.0009764744318090379,-0.5062466859817505
1663975,0.005166616290807724,0.001056392677128315,-0.5062615871429443
1664075,0.005247386638075113,0.0010679500410333276,-0.506386399269104
1664175,0.0053574200719594955,0.0011008151341229677,-0.5064499974250793
1664275,0.005521168000996113,0.001086815376766026,-0.5067440271377563
1664375,0.0061457399278879166,0.0012245974503457546,-0.5074895024299622
1664475,0.006237681955099106,0.0011353379813954234,-0.5075597167015076
1664575,0.006155073642730713,0.0011930959299206734,-0.5074862241744995
1664675,0.006323322653770447,0.0011482236441224813,-0.5075636506080627
1664775,0.006080412771552801,0.0013248122995719314,-0.5074162483215332
1664875,0.006177237723022699,0.0012506593484431505,-0.5073670744895935
1664975,0.006140170153230429,0.0011957595124840736,-0.5073795914649963
1665075,0.006080219987779856,0.001211302587762475,-0.507389485836029
1665175,0.006465428974479437,0.0012100129388272762,-0.5078421235084534
1665275,0.006259148474782705,0.0013002229388803244,-0.5076524019241333
1665375,0.006166092585772276,0.0013170407619327307,-0.5074907541275024
1665475,0.0063047888688743114,0.0012775512877851725,-0.5076503753662109
1665575,0.006111803464591503,0.0012361956760287285,-0.5073524117469788
1665675,0.006110708229243755,0.0012096716091036797,-0.5073810815811157
1665775,0.005922374781221151,0.0012300636153668165,-0.5071967840194702
1665875,0.005985254421830177,0.0011934117646887898,-0.5073056221008301
1665975,0.006324410904198885,0.0012301616370677948,-0.5077270269393921
1666075,0.006330648437142372,0.001202739542350173,-0.5076297521591187
1666175,0.006241537630558014,0.0012429364724084735,-0.5077735185623169
1666275,0.006574764847755432,0.0013381097232922912,-0.5080469846725464
1666375,0.006816002540290356,0.001367200049571693,-0.5082056522369385
1666475,0.006778783164918423,0.0013262081192806363,-0.5082433223724365
1666575,0.007019375916570425,0.0013962273951619864,-0.5085225701332092
1666675,0.006715727970004082,0.0013978526694700122,-0.5082712173461914
1666775,0.006856017280369997,0.0013999090297147632,-0.508334219455719
1666875,0.007134228944778442,0.0014233739348128438,-0.5086421966552734
1666975,0.007160956971347332,0.0014036151114851236,-0.5087328553199768
1667075,0.00718404445797205,0.0014219856821000576,-0.508551836013794
1667175,0.00688826572149992,0.0013817154103890061,-0.5083304643630981
1667275,0.007250070571899414,0.0014042116235941648,-0.5087899565696716
1667375,0.007175082806497812,0.0014844003599137068,-0.5087562799453735
1667475,0.00698441918939352,0.0013114032335579395,-0.5085747241973877
1667575,0.006549572106450796,0.0013575224438682199,-0.5080264210700989
1667675,0.006597556639462709,0.0013190396130084991,-0.5080795288085938
1667775,0.006549359764903784,0.001362185226753354,-0.5080390572547913
1667875,0.0066265203058719635,0.0012988676317036152,-0.5080112218856812
1667975,0.006097831763327122,0.0011799322674050927,-0.5074769258499146
1668075,0.006144130602478981,0.0012391501804813743,-0.5074380040168762
1668175,0.006158222910016775,0.001222881255671382,-0.5074676275253296
1668275,0.006266138982027769,0.0011638345895335078,-0.5077159404754639
1668375,0.006474646274000406,0.0012547109508886933,-0.507759690284729
1668475,0.006402178667485714,0.0012400045525282621,-0.5076487064361572
1668575,0.006128284614533186,0.001211619470268488,-0.5074162483215332
1668675,0.006096578203141689,0.0012051373487338424,-0.5073755383491516
1668775,0.006543572060763836,0.0012456562835723162,-0.5078802704811096
1668875,0.006698019336909056,0.0013012653216719627,-0.5080446004867554
1668975,0.00638474291190505,0.0013380554737523198,-0.5077258944511414
1669075,0.005981738213449717,0.0012246659025549889,-0.5072543621063232
1669175,0.006237396504729986,0.001279866904951632,-0.5075607895851135
1669275,0.00568581884726882,0.0011182712623849511,-0.5070993304252625
1669375,0.006297547370195389,0.001281157718040049,-0.5075819492340088
1669475,0.006203704513609409,0.0012616673484444618,-0.5074726343154907
1669575,0.00587739422917366,0.0011841598898172379,-0.5072245597839355
1669675,0.006076088175177574,0.0012086963979527354,-0.5073833465576172
1669775,0.005898280069231987,0.0012449885252863169,-0.5071082711219788
1669875,0.0057558282278478146,0.0011667709331959486,-0.5069879293441772
1669975,0.00557302962988615,0.001135903294198215,-0.506737470626831
1670075,0.005202641244977713,0.0010377968428656459,-0.5062603950500488
1670175,0.005092013627290726,0.0009970106184482574,-0.5062258839607239
1670275,0.005034661386162043,0.0010056280298158526,-0.5060645937919617
1670377,0.005159161053597927,0.0011379111092537642,-0.5062921643257141
1670477,0.00548627320677042,0.0010971369920298457,-0.5064703226089478
1670577,0.0052903788164258,0.0010139980586245656,-0.5064308047294617
1670676,0.0054723829962313175,0.0011085463920608163,-0.5067529082298279
1670776,0.005476057529449463,0.0010973861208185554,-0.506708025932312
1670876,0.005736022721976042,0.0011458086082711816,-0.506935715675354
1670976,0.005686413962393999,0.0011501641711220145,-0.5069495439529419
1671077,0.0059517682529985905,0.001230965950526297,-0.5071669816970825
1671177,0.006005523726344109,0.0011880984529852867,-0.5072953701019287
1671276,0.0062919664196670055,0.0012204055674374104,-0.5076320767402649
1671375,0.006575725506991148,0.001327146077528596,-0.5080140233039856
1671477,0.006686381064355373,0.0013134655309841037,-0.508141815662384
1671577,0.007189398165792227,0.0013687100727111101,-0.5086245536804199
1671677,0.006964754778891802,0.001397068495862186,-0.5086382627487183
1671777,0.007601273711770773,0.001473506330512464,-0.5092411637306213
1671875,0.007350540719926357,0.001463153283111751,-0.5089960694313049
1671977,0.006517521571367979,0.0014013450127094984,-0.5079683661460876
1672075,0.006724953185766935,0.0013230290496721864,-0.5080965161323547
1672175,0.00656809052452445,0.0013622251572087407,-0.5079771280288696
1672275,0.006776308640837669,0.0014020828530192375,-0.5081259608268738
1672375,0.0063487328588962555,0.0012657777406275272,-0.5077937245368958
1672475,0.0051216017454862595,0.002031959593296051,-0.5075644850730896
1672575,0.004479128401726484,0.00213998812250793,-0.5069069266319275
1672675,0.0034855962730944157,0.002530851401388645,-0.5062262415885925
1672775,-0.001019134884700179,0.0009883263846859336,-0.5050621628761292
1672875,-0.004947571083903313,0.00040713808266445994,-0.4989300072193146
1672975,-0.008714619092643261,-0.004436563700437546,-0.47682985663414
1673075,-0.014175775460898876,-0.010279100388288498,-0.4433446526527405
1673175,-0.01956797204911709,-0.013072868809103966,-0.39993011951446533
1673275,-0.018265964463353157,-0.018095891922712326,-0.3503197431564331
1673375,-0.015869932249188423,-0.023596204817295074,-0.295132577419281
1673475,-0.017387663945555687,-0.03052796982228756,-0.23383629322052002
1673575,-0.021106939762830734,-0.03835715726017952,-0.17044416069984436
1673675,-0.02282099612057209,-0.04253349080681801,-0.10507327318191528
1673775,-0.021974489092826843,-0.04254265874624252,-0.04764246940612793
1673875,-0.01823355257511139,-0.041519418358802795,-0.007874757051467896
1673975,-0.013198182918131351,-0.04243705794215202,0.01785266399383545
1674075,-0.009176256135106087,-0.04623834043741226,0.037299394607543945
1674175,-0.004198428243398666,-0.05119222402572632,0.05591845512390137
1674275,-0.0021964479237794876,-0.05218978598713875,0.06660890579223633
1674375,0.001867544837296009,-0.05047571659088135,0.07161110639572144
1674475,0.008770957589149475,-0.0504554845392704,0.07439517974853516
1674575,0.013245023787021637,-0.04989290609955788,0.0740475058555603
1674675,0.01671472005546093,-0.048801571130752563,0.07187390327453613
1674775,0.020087480545043945,-0.05015169829130173,0.07206082344055176
1674875,0.021922634914517403,-0.05273362249135971,0.0728946328163147
1674975,0.02481026202440262,-0.05427342280745506,0.07234048843383789
1675075,0.027818065136671066,-0.0549655519425869,0.07016581296920776
1675175,0.02984440140426159,-0.05485152080655098,0.06775623559951782
1675275,0.0319732241332531,-0.05533897876739502,0.06609326601028442
1675375,0.03273491933941841,-0.056966569274663925,0.06537342071533203
1675475,0.0340597964823246,-0.05977223813533783,0.06574612855911255
1675575,0.03754602372646332,-0.06308001279830933,0.06679689884185791
1675675,0.04164987429976463,-0.06522385030984879,0.06630653142929077
1675775,0.044170964509248734,-0.06654206663370132,0.06627190113067627
1675875,0.04657568782567978,-0.06682876497507095,0.06647169589996338
1675975,0.046779558062553406,-0.06606438755989075,0.06865578889846802
1676075,0.04622684791684151,-0.06363274902105331,0.07070618867874146
1676175,0.04514240473508835,-0.06033604219555855,0.0708509087562561
1676275,0.04513091593980789,-0.057732466608285904,0.06911903619766235
1676375,0.0444781668484211,-0.05548190325498581,0.06848901510238647
1676475,0.041603054851293564,-0.05281130224466324,0.06902635097503662
1676575,0.040266115218400955,-0.049097102135419846,0.06799602508544922
1676675,0.03808550536632538,-0.04572794586420059,0.06727498769760132
1676775,0.038315512239933014,-0.04325220361351967,0.06518453359603882
1676875,0.037764325737953186,-0.04195857420563698,0.06389385461807251
1676975,0.03668781742453575,-0.04077165573835373,0.06304651498794556
1677075,0.0352926105260849,-0.038071054965257645,0.06123608350753784
1677175,0.030945705249905586,-0.03262636065483093,0.05894672870635986
1677275,0.025058159604668617,-0.024973992258310318,0.05902522802352905
1677375,0.019052894786000252,-0.01478150300681591,0.060987234115600586
1677475,0.012246428988873959,-0.004713934380561113,0.06328338384628296
1677575,0.007044448051601648,0.0037519014440476894,0.05874776840209961
1677675,0.0021458647679537535,0.009134468622505665,0.053653180599212646
1677775,-0.003367503872141242,0.011808419600129128,0.0491715669631958
1677875,-0.00747930072247982,0.010873077437281609,0.04388397932052612
1677975,-0.008654403500258923,0.00846579298377037,0.03713434934616089
1678075,-0.009138785302639008,0.007467795629054308,0.02986675500869751
1678175,-0.010197458788752556,0.007149559445679188,0.025119245052337646
1678275,-0.009978709742426872,0.008043520152568817,0.024653732776641846
1678375,-0.007956021465361118,0.008731570094823837,0.022694945335388184
1678475,-0.006737316492944956,0.010556408204138279,0.022540271282196045
1678575,-0.006269423756748438,0.01067955233156681,0.023640811443328857
1678675,-0.005536234006285667,0.01055579911917448,0.02175217866897583
1678775,-0.0033877405803650618,0.011477234773337841,0.016131579875946045
1678875,-0.0018674528691917658,0.010812091641128063,0.011431515216827393
1678975,0.00047191549674607813,0.007972318679094315,0.00765460729598999
1679075,0.002823218936100602,0.006787566468119621,0.0036808252334594727
1679175,0.0038346939254552126,0.007014998700469732,0.00022524595260620117
1679275,0.005218952428549528,0.007783560082316399,-0.0033447742462158203
1679375,0.0059651657938957214,0.0085857342928648,-0.006632804870605469
1679475,0.00816390197724104,0.009813595563173294,-0.011198371648788452
1679575,0.009170737117528915,0.009899464435875416,-0.01323765516281128
1679675,0.010278213769197464,0.010444101877510548,-0.014965236186981201
1679775,0.010088205337524414,0.010204094462096691,-0.015664517879486084
1679875,0.00995167251676321,0.010433883406221867,-0.016326189041137695
1679975,0.008997936733067036,0.0114333750680089,-0.016613483428955078
1680075,0.007384167984127998,0.013894189149141312,-0.01796850562095642
1680175,0.0056443107314407825,0.0152726536616683,-0.017310619354248047
1680275,0.00473925843834877,0.016024149954319,-0.016682475805282593
1680375,0.0026845503598451614,0.017058825120329857,-0.01510646939277649
1680475,0.0005161244189366698,0.01691078394651413,-0.013134956359863281
1680575,-1.7130660125985742e-06,0.01618393324315548,-0.012225478887557983
1680675,-0.0006443538004532456,0.015789764001965523,-0.011453807353973389
1680775,-0.002001918153837323,0.015752306208014488,-0.010448873043060303
1680875,-0.0029823360964655876,0.015409772284328938,-0.009557157754898071
1680975,-0.003263338701799512,0.015309575945138931,-0.009252786636352539
1681075,-0.003860446158796549,0.01522148959338665,-0.008743107318878174
1681175,-0.004510350525379181,0.015066873282194138,-0.00816449522972107
1681275,-0.004993880167603493,0.014971890486776829,-0.007729321718215942
1681375,-0.004761941265314817,0.01494614128023386,-0.00793340802192688
1681475,-0.004244273994117975,0.01512656919658184,-0.00838497281074524
1681575,-0.004252068232744932,0.015024879947304726,-0.00839659571647644
1681675,-0.0044468361884355545,0.015139732509851456,-0.008213132619857788
1681775,-0.003875097958371043,0.015236240811645985,-0.00874367356300354
1681875,-0.003483591368421912,0.01525243278592825,-0.009050130844116211
1681975,-0.003413072321563959,0.015313256531953812,-0.009120047092437744
1682075,-0.003216282930225134,0.015288697555661201,-0.00930476188659668
1682175,-0.0025170936714857817,0.015521782450377941,-0.009948670864105225
1682275,-0.0022610006853938103,0.015546807087957859,-0.01024782657623291
1682375,-0.0013637482188642025,0.015756767243146896,-0.010895907878875732
1682475,-0.001809817971661687,0.01563652977347374,-0.010616421699523926
1682575,-0.0013392034452408552,0.01575138047337532,-0.011048734188079834
1682675,-0.0005874560447409749,0.015882162377238274,-0.011703670024871826
1682775,-0.0005848843138664961,0.015819495543837547,-0.011719733476638794
1682875,-0.0003838666598312557,0.015926240012049675,-0.0119190514087677
1682975,0.00014045499847270548,0.016057372093200684,-0.012421071529388428
1683075,0.00029389900737442076,0.01608601212501526,-0.012361407279968262
1683175,0.00027063043671660125,0.01611657440662384,-0.012394458055496216
1683275,0.000560503569431603,0.01616274192929268,-0.012713819742202759
1683375,0.0005242826300673187,0.01608167216181755,-0.012635797262191772
1683475,5.587296618614346e-05,0.016029858961701393,-0.012282222509384155
1683575,0.00029368334799073637,0.01601124368607998,-0.01240721344947815
1683675,-7.066514081088826e-05,0.015983305871486664,-0.012114554643630981
1683775,-0.0004314513353165239,0.015951288864016533,-0.011743485927581787
1683875,-0.0003009022038895637,0.01598004624247551,-0.011971771717071533
1683975,-0.0003431232471484691,0.015908489003777504,-0.011990398168563843
1684075,-0.00017298711463809013,0.015973670408129692,-0.01203945279121399
1684175,-0.00014990227646194398,0.015897782519459724,-0.012205392122268677
1684275,0.0002206592180300504,0.016035228967666626,-0.01224440336227417
1684375,-9.209023119183257e-05,0.015967607498168945,-0.012101411819458008
1684475,-0.0003481707535684109,0.015914293006062508,-0.011873066425323486
1684575,-0.0016138451173901558,0.01653195358812809,-0.011303961277008057
1684675,-0.0006596960593014956,0.015782395377755165,-0.01160883903503418
1684775,-0.0010289575438946486,0.016071585938334465,-0.011355817317962646
1684875,-0.0016945956740528345,0.016038235276937485,-0.01098930835723877
1684975,-0.0014574709348380566,0.015811540186405182,-0.010936349630355835
1685075,-0.0021056991536170244,0.01558845117688179,-0.010326355695724487
1685175,-0.001903259544633329,0.015684718266129494,-0.010553747415542603
1685275,-0.0016879243776202202,0.014990006573498249,-0.010315090417861938
1685375,-0.0026841156650334597,0.015192609280347824,-0.009943366050720215
1685475,-0.004767534788697958,0.015425322577357292,-0.008833080530166626
1685575,-0.0036230578552931547,0.015117162838578224,-0.009224504232406616
1685675,-0.0022264840081334114,0.015186697244644165,-0.009810954332351685
1685775,-0.0013325539184734225,0.01620962843298912,-0.010508179664611816
1685875,-0.0007658515824005008,0.018769968301057816,-0.01175740361213684
1685975,0.0010636558290570974,0.019344521686434746,-0.013625174760818481
1686076,0.0025341464206576347,0.018475789576768875,-0.01476326584815979
1686175,0.002994496375322342,0.01736522652208805,-0.014834284782409668
1686276,0.0031996641773730516,0.016412310302257538,-0.015388697385787964
1686376,0.004423515405505896,0.015486020594835281,-0.016154319047927856
1686476,0.00549917109310627,0.015438157133758068,-0.017252624034881592
1686576,0.005248477216809988,0.01512797549366951,-0.017090201377868652
1686676,0.0042540994472801685,0.015919774770736694,-0.01679408550262451
1686776,0.0038245476316660643,0.01679346337914467,-0.01662278175354004
1686876,0.004026764538139105,0.01560155302286148,-0.016403168439865112
1686976,0.0027383598499000072,0.016681665554642677,-0.015650004148483276
1687077,0.0024526496417820454,0.015974845737218857,-0.015396296977996826
1687177,0.00196846853941679,0.015742387622594833,-0.014853626489639282
1687276,0.0012493969406932592,0.015332099981606007,-0.014086544513702393
1687376,0.00046144466614350677,0.015241204760968685,-0.013343364000320435
1687476,-0.0004377530422061682,0.01503047812730074,-0.012592047452926636
1687577,-0.0005090127233415842,0.015093738213181496,-0.012572824954986572
1687677,-0.0006102033075876534,0.014931420795619488,-0.012339890003204346
1687776,-0.0008118731202557683,0.015020949766039848,-0.012329667806625366
1687876,-0.00068005541106686,0.01512051373720169,-0.012417078018188477
1687976,-0.0010080663487315178,0.01506849192082882,-0.012150377035140991
1688078,-0.0007492302102036774,0.015621880069375038,-0.012155324220657349
1688178,-0.003556102979928255,0.01555048581212759,-0.010694265365600586
1688278,-0.005499095190316439,0.012943131849169731,-0.0076763927936553955
1688378,-0.007054867222905159,0.008660062216222286,-0.004920363426208496
1688477,-0.009487266652286053,0.008996037766337395,-0.003747880458831787
1688577,-0.009574228897690773,0.009101442992687225,-0.0032747089862823486
1688677,-0.010202954523265362,0.006857229862362146,-0.0018743574619293213
1688778,-0.010359670966863632,0.006630889605730772,-0.0013628900051116943
1688875,-0.01078583300113678,0.007275906391441822,-0.0016718804836273193
1688975,-0.011830151081085205,0.008140153251588345,-0.0016847848892211914
1689075,-0.01257549598813057,0.007545722182840109,-0.0011676251888275146
1689175,-0.012296821922063828,0.007156741805374622,-0.0009001493453979492
1689275,-0.011585402302443981,0.007328227628022432,-0.0013849139213562012
1689375,-0.011529545299708843,0.007311077322810888,-0.0016065239906311035
1689475,-0.010019790381193161,0.006663833279162645,-0.002499490976333618
1689575,-0.009726936928927898,0.006772180087864399,-0.0031013786792755127
1689675,-0.008719265460968018,0.0070080808363854885,-0.003992974758148193
1689775,-0.007820865139365196,0.007264605723321438,-0.004787921905517578
1689875,-0.007121659349650145,0.007385393604636192,-0.00541648268699646
1689975,-0.006295816507190466,0.007474091835319996,-0.006156653165817261
1690075,-0.005530777387320995,0.007706239353865385,-0.006795704364776611
1690175,-0.004904592875391245,0.007840117439627647,-0.007465571165084839
1690275,-0.004454543814063072,0.007947087287902832,-0.00778546929359436
1690375,-0.003996660932898521,0.00805539358407259,-0.008258968591690063
1690475,-0.0037642698734998703,0.008011765778064728,-0.008430957794189453
1690575,-0.0037662824615836143,0.008063578978180885,-0.008402764797210693
1690675,-0.0030323306564241648,0.008230374194681644,-0.009043991565704346
1690775,-0.0031329451594501734,0.00827366765588522,-0.008992522954940796
1690875,-0.003333497326821089,0.00820634700357914,-0.008855074644088745
1690975,-0.003089867765083909,0.008278023451566696,-0.009002625942230225
1691075,-0.003057161346077919,0.008256969042122364,-0.009050965309143066
1691175,-0.0027602866757661104,0.00827927514910698,-0.00925743579864502
1691275,-0.0026358459144830704,0.00826647412031889,-0.009397655725479126
1691375,-0.0031436998397111893,0.008235268294811249,-0.008963555097579956
1691475,-0.0033955334220081568,0.00821942649781704,-0.008829295635223389
1691575,-0.003339888760820031,0.008229237981140614,-0.00888890027999878
1691675,-0.0027119929436594248,0.008320990018546581,-0.009244948625564575
1691775,-0.003013541456311941,0.008486517705023289,-0.009190380573272705
1691875,-0.003403264796361327,0.008613835088908672,-0.008763164281845093
1691975,-0.00407195882871747,0.008367611095309258,-0.008062005043029785
1692075,-0.005312755703926086,0.008106795139610767,-0.0068680644035339355
1692175,-0.005559689365327358,0.007965778931975365,-0.006601989269256592
1692275,-0.006411301903426647,0.007793931290507317,-0.0058255791664123535
1692375,-0.0062482114881277084,0.007799035869538784,-0.0061179399490356445
1692475,-0.0072221592999994755,0.007506741210818291,-0.005199819803237915
1692575,-0.007352777291089296,0.0074849785305559635,-0.005231589078903198
1692675,-0.0073900045827031136,0.007403971627354622,-0.00517040491104126
1692775,-0.007301752921193838,0.0074606831185519695,-0.0051885247230529785
1692875,-0.007910346612334251,0.007278080563992262,-0.004568159580230713
1692975,-0.007750662975013256,0.00738013070076704,-0.004830390214920044
1693075,-0.008181784301996231,0.0072588808834552765,-0.004288852214813232
1693175,-0.008057775907218456,0.007309489417821169,-0.0044364333152771
1693275,-0.008369937539100647,0.0072630406357347965,-0.004312187433242798
1693375,-0.008325545117259026,0.007209987845271826,-0.0043135881423950195
1693475,-0.008696899749338627,0.007178105413913727,-0.00391504168510437
1693575,-0.008224609307944775,0.007285784464329481,-0.004430979490280151
1693675,-0.008191998116672039,0.007116540335118771,-0.004508316516876221
1693775,-0.0077328733168542385,0.007084573619067669,-0.004966080188751221
1693875,-0.007179213222116232,0.007221467327326536,-0.005575627088546753
1693975,-0.0070035927928984165,0.007457012310624123,-0.005568355321884155
1694075,-0.006670377682894468,0.007653034292161465,-0.005565851926803589
1694175,-0.005173937417566776,0.007744431495666504,-0.006288766860961914
1694275,-0.004151452798396349,0.007644756697118282,-0.0069023966789245605
1694375,-0.003863928373903036,0.0076925670728087425,-0.007216542959213257
1694475,-0.003438214771449566,0.007744248956441879,-0.007503390312194824
1694575,-0.0030559138394892216,0.00785223301500082,-0.007877320051193237
1694675,-0.002767228987067938,0.007883083075284958,-0.00810202956199646
1694775,-0.0025363860186189413,0.00791780836880207,-0.00831538438796997
1694875,-0.0029114196076989174,0.007903832010924816,-0.007934361696243286
1694975,-0.00306084961630404,0.007832038216292858,-0.007928580045700073
1695075,-0.0031839569564908743,0.00784658920019865,-0.007825136184692383
1695175,-0.002996753202751279,0.007857243530452251,-0.00798836350440979
1695275,-0.002671547932550311,0.007974750362336636,-0.008230358362197876
1695375,-0.0026575091760605574,0.007919683121144772,-0.008201152086257935
1695475,-0.0027113112155348063,0.007872160524129868,-0.008138060569763184
1695575,-0.0028506494127213955,0.007897008210420609,-0.008010238409042358
1695675,-0.002856374718248844,0.007900587283074856,-0.008111566305160522
1695775,-0.0026454697363078594,0.007970788516104221,-0.008342593908309937
1695875,-0.0024679903872311115,0.00793401524424553,-0.008404165506362915
1695975,-0.0027532274834811687,0.007900499738752842,-0.008189141750335693
1696075,-0.002865055575966835,0.007787525188177824,-0.008169949054718018
1696175,-0.0028896790463477373,0.007781368680298328,-0.008145302534103394
1696275,-0.0028914986178278923,0.007781523279845715,-0.008127391338348389
1696375,-0.002955038333311677,0.007799514569342136,-0.007982581853866577
1696475,-0.0032221481669694185,0.007788665127009153,-0.007782936096191406
1696575,-0.002996208379045129,0.00774496840313077,-0.00799509882926941
1696675,-0.003064800286665559,0.007801478728652,-0.008060991764068604
1696775,-0.002687059808522463,0.00788898952305317,-0.008205145597457886
1696875,-0.0031381105072796345,0.007779374253004789,-0.007892727851867676
1696975,-0.0031763643492013216,0.007745849899947643,-0.007816225290298462
1697075,-0.0033261480275541544,0.0077507044188678265,-0.0077405571937561035
1697175,-0.0035502309910953045,0.0076812561601400375,-0.007492780685424805
1697275,-0.0034023739863187075,0.007697680499404669,-0.007592290639877319
1697375,-0.003284253180027008,0.00764237018302083,-0.007761061191558838
1697475,-0.003240901045501232,0.007694749627262354,-0.007893025875091553
1697575,-0.0031217194627970457,0.007609379477798939,-0.007875919342041016
1697675,-0.003051207633689046,0.007810631301254034,-0.008077502250671387
1697775,-0.002847906667739153,0.007723419461399317,-0.008231759071350098
1697875,-0.0030542067252099514,0.007600751705467701,-0.008067309856414795
1697975,-0.0028984483797103167,0.007724318187683821,-0.008199483156204224
1698075,-0.002742054173722863,0.007733583450317383,-0.008252978324890137
1698175,-0.0027947111520916224,0.007697816472500563,-0.00821620225906372
1698275,-0.002936909906566143,0.007671153638511896,-0.00814846158027649
1698375,-0.002664536703377962,0.007754000369459391,-0.00841638445854187
1698475,-0.0025167602580040693,0.007759325206279755,-0.008474618196487427
1698575,-0.0027326939161866903,0.007740302477031946,-0.008281677961349487
1698675,-0.0030436383094638586,0.00762895355001092,-0.008030325174331665
1698775,-0.0031210873275995255,0.0076966253109276295,-0.007947772741317749
1698875,-0.002799306297674775,0.007776730228215456,-0.00823095440864563
1698975,-0.0029170101042836905,0.0077028232626616955,-0.00811728835105896
1699075,-0.003098905086517334,0.0076972912065684795,-0.00801435112953186
1699175,-0.002852488774806261,0.007769774179905653,-0.008240222930908203
1699275,-0.0028693764470517635,0.007730841636657715,-0.008191406726837158
1699375,-0.002963002072647214,0.007704413495957851,-0.008043825626373291
1699475,-0.0030280558858066797,0.007676048669964075,-0.007969945669174194
1699575,-0.0027631246484816074,0.007732773199677467,-0.008279561996459961
1699675,-0.0029791840352118015,0.00770390871912241,-0.008080542087554932
1699775,-0.003122723661363125,0.00761862238869071,-0.007943660020828247
1699875,-0.0030075933318585157,0.0077708810567855835,-0.008102059364318848
1699975,-0.0027942818123847246,0.007825987413525581,-0.008273571729660034
1700075,-0.00275016319938004,0.007746873423457146,-0.008254170417785645
1700175,-0.0031201026868075132,0.007700232323259115,-0.007976770401000977
1700275,-0.0031983270309865475,0.007611839100718498,-0.0079423189163208
1700375,-0.0027871185448020697,0.007760981097817421,-0.008340388536453247
1700475,-0.0027848228346556425,0.007737870793789625,-0.008241087198257446
1700575,-0.002731200074777007,0.007761685643345118,-0.008263885974884033
1700675,-0.002885587979108095,0.007664818782359362,-0.008203178644180298
1700775,-0.002695658477023244,0.007834319025278091,-0.008470237255096436
1700875,-0.0025266262236982584,0.007760633714497089,-0.008469760417938232
1700975,-0.0025485565420240164,0.007720953319221735,-0.008459329605102539
1701075,-0.0023647937923669815,0.007754234597086906,-0.008591145277023315
1701175,-0.002076965756714344,0.00797137152403593,-0.00891643762588501
1701275,-0.0016172206960618496,0.00805050227791071,-0.00936385989189148
1701375,-0.001672714832238853,0.007986712269484997,-0.009293019771575928
1701475,-0.0018610269762575626,0.007953116670250893,-0.009009212255477905
1701575,-0.0020366653334349394,0.00787375122308731,-0.008972913026809692
1701675,-0.001539598684757948,0.00800707470625639,-0.009370952844619751
1701775,-0.0013827382354065776,0.008022351190447807,-0.009471088647842407
1701875,-0.00148198870010674,0.008036527782678604,-0.009319931268692017
1701975,-0.0018353123450651765,0.007928354665637016,-0.00915825366973877
1702075,-0.0021964272018522024,0.0076859924010932446,-0.0088406503200531
1702175,-0.0019201947143301368,0.007859804667532444,-0.009003102779388428
1702275,-0.0021687806583940983,0.00790694635361433,-0.008955925703048706
1702375,-0.0017707821680232882,0.007926888763904572,-0.009225070476531982
1702475,-0.0020799352787435055,0.00788341835141182,-0.008909434080123901
1702575,-0.002517018700018525,0.0077469306997954845,-0.008510708808898926
1702676,-0.0024507828056812286,0.007872610352933407,-0.008585453033447266
1702775,-0.0022728219628334045,0.007883356884121895,-0.008726954460144043
1702876,-0.0028134696185588837,0.007687561679631472,-0.00825035572052002
1702975,-0.0028107455000281334,0.007748257368803024,-0.008260488510131836
1703076,-0.003210756229236722,0.007647864054888487,-0.007880926132202148
1703176,-0.0029790105763822794,0.007726549170911312,-0.008069097995758057
1703276,-0.003029253799468279,0.0077160317450761795,-0.007998675107955933
1703376,-0.003225429216399789,0.007729177828878164,-0.007802248001098633
1703476,-0.002998592099174857,0.0077455248683691025,-0.008185416460037231
1703576,-0.002919800579547882,0.007666096556931734,-0.008238404989242554
1703676,-0.0028692055493593216,0.007632485590875149,-0.008195668458938599
1703777,-0.003084426512941718,0.007622583769261837,-0.00810861587524414
1703877,-0.0027437196113169193,0.00768745644018054,-0.008257657289505005
1703977,-0.002736316528171301,0.007733355276286602,-0.008339792490005493
1704077,-0.0031545483507215977,0.007611171342432499,-0.00799095630645752
1704177,-0.0031125482637435198,0.007698995992541313,-0.008032232522964478
1704277,-0.0031077410094439983,0.007776600308716297,-0.008047282695770264
1704377,-0.0031633407343178988,0.0077689713798463345,-0.007919520139694214
1704477,-0.003083805786445737,0.007797949016094208,-0.007969290018081665
1704577,-0.0031925691291689873,0.007835390977561474,-0.007894337177276611
1704677,-0.003273670095950365,0.007707302458584309,-0.007720381021499634
1704778,-0.0033012903295457363,0.007824836298823357,-0.007719963788986206
1704877,-0.00314105162397027,0.007899482734501362,-0.007857054471969604
1704977,-0.0031631893943995237,0.007948988117277622,-0.007842004299163818
1705077,-0.003230223897844553,0.007865877822041512,-0.007816970348358154
1705178,-0.0030985400080680847,0.007862136699259281,-0.007873713970184326
1705278,-0.003458749270066619,0.007816784083843231,-0.007531464099884033
1705378,-0.0033273843582719564,0.007826581597328186,-0.007620185613632202
1705478,-0.0030977227725088596,0.007915405556559563,-0.007788896560668945
1705578,-0.002957134274765849,0.007939514704048634,-0.0080452561378479
1705675,-0.0026804879307746887,0.007956696674227715,-0.008242189884185791
1705775,-0.00262846564874053,0.007933225482702255,-0.008303850889205933
1705875,-0.0027528023347258568,0.007993296720087528,-0.008170783519744873
1705975,-0.002750120824202895,0.007991684600710869,-0.008213073015213013
1706075,-0.002612245501950383,0.007959369570016861,-0.008275508880615234
1706175,-0.0025408328510820866,0.007942035794258118,-0.008374899625778198
1706275,-0.002522267634049058,0.007999803870916367,-0.008501708507537842
1706375,-0.002237684791907668,0.008054469712078571,-0.008668959140777588
1706475,-0.0019537024199962616,0.008083079010248184,-0.008985251188278198
1706575,-0.002084599807858467,0.008069281466305256,-0.008824288845062256
1706675,-0.002325874287635088,0.008005176670849323,-0.008641570806503296
1706775,-0.0020374960731714964,0.00802316889166832,-0.008797615766525269
1706875,-0.0022484995424747467,0.008062798529863358,-0.008607536554336548
1706975,-0.0026062384713441133,0.007943331263959408,-0.008341223001480103
1707075,-0.0026076706126332283,0.007934673689305782,-0.008398681879043579
1707175,-0.002725268015637994,0.007897499948740005,-0.00821569561958313
1707275,-0.0029072705656290054,0.00784933753311634,-0.008052289485931396
1707375,-0.0031236642971634865,0.007390948478132486,-0.008167833089828491
1707475,-0.0026939264498651028,0.0073530590161681175,-0.008698910474777222
1707575,-0.002214226173236966,0.007433296646922827,-0.009088963270187378
1707675,-0.0016648240853101015,0.00760783301666379,-0.009449392557144165
1707775,-0.0013786667259410024,0.007685179356485605,-0.009791404008865356
1707875,-0.0007223543361760676,0.007955458015203476,-0.010356605052947998
1707975,-0.000987115316092968,0.008002226240932941,-0.010129600763320923
1708075,-0.0008089700131677091,0.007974051870405674,-0.01020088791847229
1708175,-0.0012835192028433084,0.0077909501269459724,-0.009841978549957275
1708275,-0.001735260826535523,0.007816360332071781,-0.009275257587432861
1708375,-0.0015226600226014853,0.007812183350324631,-0.00968596339225769
1708475,-0.001041432493366301,0.007902470417320728,-0.010012418031692505
1708575,-0.0010043788934126496,0.007799569051712751,-0.010011792182922363
1708675,-0.001212582690641284,0.00788121297955513,-0.009831905364990234
1708775,-0.0014283619821071625,0.007828561589121819,-0.009678542613983154
1708875,-0.0007016080780886114,0.007961293682456017,-0.01029425859451294
1708975,-0.0013120557414367795,0.007876451127231121,-0.009597450494766235
1709075,-0.0010630813194438815,0.00781236682087183,-0.009492725133895874
1709175,-0.00042993767419829965,0.007843988947570324,-0.009797066450119019
1709275,-0.00034913531271740794,0.008045314811170101,-0.009714245796203613
1709375,-0.0005908586899749935,0.00824494194239378,-0.009648561477661133
1709475,6.912695243954659e-05,0.008542733266949654,-0.010129094123840332
1709575,-3.091634062002413e-05,0.008828257210552692,-0.009959876537322998
1709675,-0.0005077766254544258,0.009188160300254822,-0.009912759065628052
1709775,-0.0004162609693594277,0.009558145888149738,-0.010188937187194824
1709875,-0.0002757792826741934,0.009859608486294746,-0.010480374097824097
1709975,0.0008280212641693652,0.010411392897367477,-0.011692643165588379
1710075,0.00019903179781977087,0.010749275796115398,-0.011424660682678223
1710175,0.00019666756270453334,0.011083313263952732,-0.011765986680984497
1710275,0.0008516943198628724,0.011479976586997509,-0.012357890605926514
1710375,0.0005376862827688456,0.011728428304195404,-0.012545913457870483
1710475,0.0008476002840325236,0.012139464728534222,-0.013128280639648438
1710575,0.0011770460987463593,0.012576794251799583,-0.01377841830253601
1710675,0.0017434225883334875,0.012988103553652763,-0.014508426189422607
1710775,0.0017334329895675182,0.01313952449709177,-0.014662742614746094
1710875,0.0014646919444203377,0.013493385165929794,-0.014966189861297607
1710975,0.0014340403722599149,0.013692038133740425,-0.015093028545379639
1711075,0.0009895986877381802,0.013714991509914398,-0.014861762523651123
1711175,0.0004858699976466596,0.013830524869263172,-0.014619290828704834
1711275,-0.0005717937601730227,0.014068636111915112,-0.014017105102539062
1711375,-0.0007021959172561765,0.014046271331608295,-0.013994961977005005
1711475,-0.0015574757708236575,0.01396744605153799,-0.013194411993026733
1711575,-0.002381544327363372,0.013967741280794144,-0.01259845495223999
1711675,-0.002716674469411373,0.01383251789957285,-0.01226896047592163
1711775,-0.0034411244560033083,0.013667228631675243,-0.011825352907180786
1711875,-0.00353027880191803,0.013687596656382084,-0.0118313729763031
1711975,-0.0037028754595667124,0.013688543811440468,-0.011735320091247559
1712075,-0.003969607409089804,0.01374048087745905,-0.011525183916091919
1712175,-0.004087971057742834,0.013804110698401928,-0.011450350284576416
1712275,-0.004391476511955261,0.013853243552148342,-0.011203557252883911
1712375,-0.004591525066643953,0.01387789286673069,-0.011141717433929443
1712475,-0.0047947377897799015,0.013673970475792885,-0.010899454355239868
1712575,-0.005295566748827696,0.013616165146231651,-0.010455697774887085
1712675,-0.005706625524908304,0.013491006568074226,-0.010096579790115356
1712775,-0.006100967992097139,0.013475623913109303,-0.009627431631088257
1712875,-0.00621939729899168,0.013438018038868904,-0.009623110294342041
1712975,-0.0062279654666781425,0.013402404263615608,-0.009522825479507446
1713075,-0.0066127050668001175,0.013295888900756836,-0.009221434593200684
1713175,-0.006181405391544104,0.013475430198013783,-0.009678572416305542
1713275,-0.005816536955535412,0.013528162613511086,-0.009965062141418457
1713375,-0.005640731658786535,0.013492012396454811,-0.010103672742843628
1713475,-0.005536921322345734,0.013556133955717087,-0.010200709104537964
1713575,-0.005535664036870003,0.013553652912378311,-0.010178714990615845
1713675,-0.005627110600471497,0.013566315174102783,-0.010130435228347778
1713775,-0.005781638436019421,0.01353420689702034,-0.009954899549484253
1713875,-0.0055087567307055,0.01359878946095705,-0.010185480117797852
1713975,-0.005562958307564259,0.013552559539675713,-0.010202676057815552
1714075,-0.005658241454511881,0.013493867591023445,-0.010058760643005371
1714175,-0.005856399890035391,0.013420667499303818,-0.010021895170211792
1714275,-0.005260749254375696,0.01361068058758974,-0.010333746671676636
1714375,-0.004923471249639988,0.013697532936930656,-0.010716766119003296
1714475,-0.005023940932005644,0.013644755817949772,-0.010611772537231445
1714575,-0.005367727018892765,0.013602395541965961,-0.010326236486434937
1714675,-0.005229411646723747,0.013498061336576939,-0.010526418685913086
1714775,-0.005342469085007906,0.013599147088825703,-0.010383069515228271
1714875,-0.005436415318399668,0.013574204407632351,-0.010321438312530518
1714975,-0.0058399708941578865,0.013497989624738693,-0.010086148977279663
1715075,-0.005853771232068539,0.013437112793326378,-0.0099659264087677
1715175,-0.005789455026388168,0.0134554672986269,-0.010007262229919434
1715275,-0.005713717080652714,0.013556184247136116,-0.01005399227142334
1715375,-0.006070876028388739,0.013411256484687328,-0.009739130735397339
1715475,-0.006177969742566347,0.013454172760248184,-0.00979703664779663
1715575,-0.0058145103976130486,0.013539905659854412,-0.009991496801376343
1715675,-0.006094478070735931,0.013394642621278763,-0.009717404842376709
1715775,-0.005850440822541714,0.013481193222105503,-0.009877443313598633
1715875,-0.006016138941049576,0.013414024375379086,-0.009750664234161377
1715975,-0.00621253065764904,0.013400251977145672,-0.009602546691894531
1716075,-0.006477175280451775,0.01332731544971466,-0.009395509958267212
1716175,-0.006324060261249542,0.013357600197196007,-0.009487241506576538
1716275,-0.006095596123486757,0.013390167616307735,-0.009615451097488403
1716375,-0.006120623089373112,0.0134090231731534,-0.009706258773803711
1716475,-0.0059314751997590065,0.01341154333204031,-0.009858697652816772
1716575,-0.005450770724564791,0.013576247729361057,-0.01026269793510437
1716675,-0.005506717134267092,0.013591512106359005,-0.010280132293701172
1716775,-0.005491953343153,0.013553513213992119,-0.010266810655593872
1716875,-0.00521252304315567,0.013656222261488438,-0.010441362857818604
1716975,-0.00530064944177866,0.013560017570853233,-0.010458022356033325
1717075,-0.005078831687569618,0.013616329990327358,-0.010615050792694092
1717175,-0.005093801766633987,0.01362695824354887,-0.010657846927642822
1717275,-0.0049167717806994915,0.013706051744520664,-0.010802865028381348
1717375,-0.004752490669488907,0.013745374977588654,-0.010979235172271729
1717475,-0.005103881470859051,0.013467064127326012,-0.010590851306915283
1717575,-0.004867324139922857,0.013606997206807137,-0.010841071605682373
1717675,-0.004636047407984734,0.013671765103936195,-0.011052697896957397
1717775,-0.005100668407976627,0.013606619089841843,-0.010698944330215454
1717875,-0.005890544969588518,0.01391152385622263,-0.010636121034622192
1717975,-0.005519538186490536,0.013986455276608467,-0.011009901762008667
1718075,-0.005891567096114159,0.013896411284804344,-0.010520994663238525
1718175,-0.004597001243382692,0.012611499056220055,-0.009814530611038208
1718275,-0.004390066023916006,0.01139513123780489,-0.008535176515579224
1718375,-0.005441914312541485,0.010854166932404041,-0.007366985082626343
1718475,-0.006682233419269323,0.010439453646540642,-0.006432086229324341
1718575,-0.008174787275493145,0.010226783342659473,-0.0052606165409088135
1718675,-0.009224171750247478,0.010047408752143383,-0.004315406084060669
1718775,-0.009859304875135422,0.009949267841875553,-0.003669142723083496
1718875,-0.010444961488246918,0.00978853553533554,-0.0031816065311431885
1718975,-0.010674364864826202,0.009649037383496761,-0.0029914379119873047
1719075,-0.01021085400134325,0.009617178700864315,-0.003481835126876831
1719175,-0.009855762124061584,0.009722326882183552,-0.003756999969482422
1719275,-0.009898004122078419,0.009648897685110569,-0.003602355718612671
1719376,-0.009161742404103279,0.009899189695715904,-0.004290342330932617
1719476,-0.008660960011184216,0.010003854520618916,-0.004800170660018921
1719575,-0.008329431526362896,0.010002574883401394,-0.0051174163818359375
1719675,-0.008009162731468678,0.01004516426473856,-0.00539591908454895
1719776,-0.007845818065106869,0.010081270709633827,-0.005451411008834839
1719876,-0.007945399731397629,0.010155187919735909,-0.005400151014328003
1719976,-0.00845191441476345,0.01001062709838152,-0.004993021488189697
1720076,-0.008930816315114498,0.009946849197149277,-0.004527956247329712
1720176,-0.008937410078942776,0.009861115366220474,-0.0044813454151153564
1720276,-0.00883200392127037,0.009889340959489346,-0.004532873630523682
1720376,-0.008287053555250168,0.010018899105489254,-0.005055427551269531
1720476,-0.008620377629995346,0.00994547177106142,-0.004792213439941406
1720577,-0.008273364044725895,0.010032182559370995,-0.005130678415298462
1720677,-0.007921775802969933,0.010015325620770454,-0.005251973867416382
1720777,-0.007991625927388668,0.01004072930663824,-0.005304098129272461
1720876,-0.007557210512459278,0.010769309476017952,-0.005407601594924927
1720976,-0.006472804117947817,0.011326625943183899,-0.0058397650718688965
1721077,-0.006951426155865192,0.0120511744171381,-0.005949050188064575
1721177,-0.006268238183110952,0.012180103920400143,-0.006140202283859253
1721276,-0.005122050642967224,0.011897116899490356,-0.006777644157409668
1721377,-0.0043435655534267426,0.011622506193816662,-0.007068634033203125
1721477,-0.004556823987513781,0.01132214069366455,-0.006914913654327393
1721577,-0.004424320999532938,0.01130726095288992,-0.00678679347038269
1721677,-0.004562963731586933,0.011351553723216057,-0.006783217191696167
1721777,-0.004245057236403227,0.011385245248675346,-0.006989538669586182
1721877,-0.00395347410812974,0.011495418846607208,-0.007244318723678589
1721977,-0.004059681668877602,0.011566605418920517,-0.0071211159229278564
1722078,-0.0038404492661356926,0.011526430025696754,-0.007394731044769287
1722178,-0.0033858853857964277,0.011618750169873238,-0.007843017578125
1722278,-0.003019894938915968,0.01170728076249361,-0.008210897445678711
1722375,-0.0024035596288740635,0.011831949464976788,-0.00863996148109436
1722475,-0.0021789558231830597,0.011951638385653496,-0.00879618525505066
1722575,-0.0018855705857276917,0.011842780746519566,-0.0090867280960083
1722675,-0.0016076259780675173,0.012008635327219963,-0.009458929300308228
1722775,-0.0014758091419935226,0.0120600750669837,-0.00946536660194397
1722875,-0.0017474428750574589,0.011950628831982613,-0.009257525205612183
1722975,-0.0014954558573663235,0.012006335891783237,-0.009459376335144043
1723075,-0.0018257811898365617,0.012035020627081394,-0.009190768003463745
1723175,-0.001389742479659617,0.012290582992136478,-0.009855300188064575
1723275,-0.0008926950395107269,0.012110341340303421,-0.009798616170883179
1723375,-0.0011701143812388182,0.011857659555971622,-0.009586751461029053
1723475,-0.00047035800525918603,0.011838817037642002,-0.009799212217330933
1723575,7.921992801129818e-05,0.011253985576331615,-0.009356707334518433
1723675,0.00117736984975636,0.01102947536855936,-0.00980842113494873
1723775,0.0016360278241336346,0.011083580553531647,-0.010256052017211914
1723875,0.002310224575921893,0.011098437942564487,-0.010958075523376465
1723975,0.002608525101095438,0.011250849813222885,-0.011196255683898926
1724075,0.0028452600818127394,0.01130878645926714,-0.01132926344871521
1724175,0.002867069561034441,0.011348417028784752,-0.011455386877059937
1724275,0.003190603107213974,0.011405394412577152,-0.011605143547058105
1724375,0.0031517380848526955,0.011422662064433098,-0.011709392070770264
1724475,0.0034317965619266033,0.011434298940002918,-0.011846780776977539
1724575,0.0035844645462930202,0.011473693884909153,-0.01202017068862915
1724675,0.0034394534304738045,0.011396256275475025,-0.01202288269996643
1724775,0.0034020196180790663,0.011457671411335468,-0.0119972825050354
1724875,0.003610938088968396,0.011440790258347988,-0.012196987867355347
1724975,0.003996038809418678,0.011515160091221333,-0.012363791465759277
1725075,0.003907431848347187,0.01153587456792593,-0.012370914220809937
1725175,0.004079744685441256,0.011525065638124943,-0.012455672025680542
1725275,0.003935481887310743,0.011501690372824669,-0.012399345636367798
1725375,0.004192637279629707,0.011582636274397373,-0.012604832649230957
1725475,0.00422174297273159,0.011563178151845932,-0.01259586215019226
1725575,0.0039946530014276505,0.011485828086733818,-0.012457817792892456
1725675,0.0038943777326494455,0.011555718258023262,-0.01224428415298462
1725775,0.0039207832887768745,0.011507518589496613,-0.012352347373962402
1725875,0.00380991050042212,0.011552735231816769,-0.01215556263923645
1725975,0.003518951591104269,0.011511159129440784,-0.012004584074020386
1726075,0.004090591799467802,0.011544615961611271,-0.01247107982635498
1726175,0.0038273015525192022,0.011554332450032234,-0.012174129486083984
1726275,0.003456186968833208,0.011508806608617306,-0.011930257081985474
1726375,0.003289354033768177,0.011393042281270027,-0.011725306510925293
1726475,0.0032545814756304026,0.011336822994053364,-0.011942505836486816
1726575,0.0032509523443877697,0.011428562924265862,-0.01170465350151062
1726675,0.0034954689908772707,0.011407838203012943,-0.011989712715148926
1726775,0.003519488498568535,0.0114605026319623,-0.011996597051620483
1726875,0.0034375200048089027,0.0114617133513093,-0.012020468711853027
1726975,0.0033225342631340027,0.01145234052091837,-0.01185879111289978
1727075,0.0032093420159071684,0.01138805877417326,-0.011677831411361694
1727175,0.003159221028909087,0.01139160804450512,-0.011666953563690186
1727275,0.0032599284313619137,0.011402441188693047,-0.011702865362167358
1727375,0.003317154012620449,0.011326661333441734,-0.011752516031265259
1727475,0.0032764747738838196,0.011408848688006401,-0.011674642562866211
1727575,0.003499082289636135,0.011426007375121117,-0.011967003345489502
1727675,0.0034121908247470856,0.011391994543373585,-0.01191362738609314
1727775,0.0032770782709121704,0.011392361484467983,-0.011770784854888916
1727875,0.003150148782879114,0.011336454190313816,-0.011623620986938477
1727975,0.0031651980243623257,0.01145640667527914,-0.011702030897140503
1728075,0.003284921869635582,0.011366060934960842,-0.011753588914871216
1728175,0.0035156833473592997,0.011457350105047226,-0.01197880506515503
1728275,0.0036681366618722677,0.011436696164309978,-0.012129813432693481
1728375,0.003574840258806944,0.011421538889408112,-0.012020409107208252
1728475,0.0035278708674013615,0.011473147198557854,-0.011897355318069458
1728575,0.0033660405315458775,0.011427650228142738,-0.011895328760147095
1728675,0.0037689884193241596,0.011306717060506344,-0.012084394693374634
1728775,0.0031225564889609814,0.011687560938298702,-0.011964291334152222
1728875,0.0019392322283238173,0.012130508199334145,-0.011392742395401001
1728975,0.0013834962155669928,0.011976531706750393,-0.010935693979263306
1729075,0.0003488485817797482,0.012371154502034187,-0.010349839925765991
1729175,-0.0010604283306747675,0.012782691977918148,-0.009841859340667725
1729275,-0.001620094757527113,0.013088948093354702,-0.009459346532821655
1729375,-0.0012117258738726377,0.012743004597723484,-0.009493589401245117
1729475,-0.0016618015943095088,0.012352468445897102,-0.008893758058547974
1729575,-0.0024180584587156773,0.012121669948101044,-0.008150339126586914
1729675,-0.0029874469619244337,0.012152239680290222,-0.007729858160018921
1729775,-0.003019914496690035,0.012113096192479134,-0.007710397243499756
1729875,-0.002824455266818404,0.01214402075856924,-0.007865995168685913
1729975,-0.0029038144275546074,0.012135164812207222,-0.007868856191635132
1730075,-0.0026742650661617517,0.012218968942761421,-0.007933080196380615
1730175,-0.00287463772110641,0.01215232815593481,-0.007702499628067017
1730275,-0.002961882622912526,0.01213415153324604,-0.007653474807739258
1730375,-0.0032175660599023104,0.012097179889678955,-0.007634878158569336
1730475,-0.002729789586737752,0.012162107974290848,-0.007934004068374634
1730575,-0.002071079798042774,0.012334441766142845,-0.008521676063537598
1730675,-0.0019678170792758465,0.012357466854155064,-0.008630990982055664
1730775,-0.0013925519306212664,0.012453597970306873,-0.009097874164581299
1730875,-0.0014110564952716231,0.012438680045306683,-0.009124338626861572
1730975,-0.0009062575991265476,0.012569119222462177,-0.009614527225494385
1731075,-0.000775005726609379,0.012598000466823578,-0.009643971920013428
1731175,-0.0010901665082201362,0.012547156773507595,-0.009355992078781128
1731275,-0.0013053793227300048,0.01251894049346447,-0.009104102849960327
1731375,-0.0006278583314269781,0.012617467902600765,-0.009875744581222534
1731475,-0.0005804967368021607,0.012578112073242664,-0.009931564331054688
1731575,0.0001099674918805249,0.01280100829899311,-0.010485082864761353
1731675,-0.0003416582476347685,0.012620564550161362,-0.010123580694198608
1731775,-4.044401794089936e-05,0.012753372080624104,-0.010320216417312622
1731875,-4.576698847813532e-05,0.012751101516187191,-0.0104275643825531
1731975,-0.0002152545057469979,0.012661873362958431,-0.01014980673789978
1732075,-0.000822715403046459,0.012604787945747375,-0.009652525186538696
1732175,-0.0012335863430052996,0.012379930354654789,-0.00924113392829895
1732275,-0.0012440371792763472,0.012478207238018513,-0.009289801120758057
1732375,-0.0009244577959179878,0.01250467263162136,-0.00961148738861084
1732475,-0.0011964227305725217,0.012450361624360085,-0.009405046701431274
1732575,-0.0011466634459793568,0.012465076521039009,-0.009457111358642578
1732675,-0.0014417041093111038,0.012440450489521027,-0.009166747331619263
1732775,-0.0017432806780561805,0.012259931303560734,-0.008889496326446533
1732875,-0.0018650578567758203,0.012263455428183079,-0.008835762739181519
1732975,-0.0015940762823447585,0.012279919348657131,-0.009103626012802124
1733075,-0.0014027210418134928,0.012427091598510742,-0.009297817945480347
1733175,-0.0014250102685764432,0.012296448461711407,-0.00911325216293335
1733275,-0.001516393618658185,0.012308025732636452,-0.009076029062271118
1733375,-0.0016853200504556298,0.012289946898818016,-0.009002476930618286
1733475,-0.001956645864993334,0.012253343127667904,-0.008671045303344727
1733575,-0.0021850934717804193,0.012168770655989647,-0.008604884147644043
1733675,-0.001990260323509574,0.01217753253877163,-0.008750677108764648
1733775,-0.0019450527615845203,0.012176170945167542,-0.008715629577636719
1733875,-0.0016778914723545313,0.012204458937048912,-0.00892302393913269
1733975,-0.0018944216426461935,0.012210545130074024,-0.008724808692932129
1734075,-0.0020217024721205235,0.012266772799193859,-0.008655428886413574
1734175,-0.001909118378534913,0.01220893394201994,-0.008771955966949463
1734275,-0.0018117331201210618,0.01220794953405857,-0.008873820304870605
1734375,-0.001506537664681673,0.012314911931753159,-0.009203106164932251
1734475,-0.0016969220014289021,0.012199056334793568,-0.008911043405532837
1734575,-0.0016898636240512133,0.012199471704661846,-0.008886784315109253
1734675,-0.002030329778790474,0.01212390512228012,-0.008602827787399292
1734775,-0.0016085058450698853,0.012206023558974266,-0.009036540985107422
1734875,-0.0016064727678894997,0.012232568114995956,-0.009034067392349243
1734975,-0.001777208293788135,0.012188628315925598,-0.008853554725646973
1735075,-0.0015951883979141712,0.01203925721347332,-0.008983373641967773
1735175,-0.00182502088136971,0.01213996484875679,-0.008796602487564087
1735275,-0.0015248915879055858,0.012346356175839901,-0.009054243564605713
1735375,-0.0016218011733144522,0.012265229597687721,-0.00901380181312561
1735475,-0.0017133330693468451,0.01220448687672615,-0.008957922458648682
1735575,-0.0017076687654480338,0.01234148908406496,-0.008886575698852539
1735675,-0.0018047003541141748,0.012165104039013386,-0.008831977844238281
1735775,-0.0017665197374299169,0.01218782365322113,-0.008760958909988403
1735875,-0.001871541840955615,0.012220658361911774,-0.00867539644241333
1735976,-0.0024449836928397417,0.0120961619541049,-0.00827053189277649
1736076,-0.0022518953774124384,0.012059922330081463,-0.008508861064910889
1736176,-0.0024452507495880127,0.012037173844873905,-0.008157432079315186
1736276,-0.0021634462755173445,0.012115700170397758,-0.008510082960128784
1736376,-0.00231737457215786,0.012057933025062084,-0.008352726697921753
1736476,-0.002468810649588704,0.012058742344379425,-0.008198440074920654
1736576,-0.0024211485870182514,0.012079286389052868,-0.008305788040161133
1736676,-0.0020718732848763466,0.012107547372579575,-0.008555024862289429
1736776,-0.002123174723237753,0.012098423205316067,-0.008592873811721802
1736876,-0.002123180078342557,0.012131525203585625,-0.008475005626678467
1736976,-0.0020386935211718082,0.012170469388365746,-0.008687257766723633
1737076,-0.0014895012136548758,0.012238841503858566,-0.00906875729560852
1737176,-0.001965885516256094,0.012171167880296707,-0.008668333292007446
1737276,-0.0019518346525728703,0.012135251425206661,-0.008664339780807495
1737376,-0.0021281614899635315,0.012096492573618889,-0.008492231369018555
1737476,-0.0021272595040500164,0.012092731893062592,-0.008488744497299194
1737576,-0.002070789923891425,0.012137483805418015,-0.008543998003005981
1737676,-0.0021106423810124397,0.012082262896001339,-0.008536219596862793
1737777,-0.002252631587907672,0.012126917950809002,-0.008503079414367676
1737877,-0.0017726176884025335,0.01219471637159586,-0.00881841778755188
1737977,-0.0018114263657480478,0.012297254987061024,-0.008831292390823364
1738078,-0.0016978457570075989,0.012188160791993141,-0.008929550647735596
1738177,-0.0020762949716299772,0.012100864201784134,-0.008626461029052734
1738277,-0.0020803718362003565,0.012094445526599884,-0.008562803268432617
1738377,-0.0020788945257663727,0.01218800526112318,-0.008547842502593994
1738477,-0.002142479410395026,0.0121089993044734,-0.008600860834121704
1738577,-0.002038675593212247,0.01220772322267294,-0.008617192506790161
1738677,-0.0021522287279367447,0.012109994888305664,-0.008592933416366577
1738778,-0.0018350443569943309,0.012130859307944775,-0.008781105279922485
1738875,-0.0017351479036733508,0.012257822789251804,-0.00894230604171753
1738975,-0.0013333067763596773,0.01232390571385622,-0.009386837482452393
1739075,-0.0008078652899712324,0.012428240850567818,-0.009684741497039795
1739175,-0.0009661175427027047,0.01237225066870451,-0.009553134441375732
