Timestamp,logNN.vx,logNN.vy,logNN.vz
1648338,0.00405206810683012,0.0008854416664689779,-0.003240147838369012
1648437,0.0027263383381068707,0.000926149426959455,-0.003684175666421652
1648538,0.004060423467308283,-0.0007078697090037167,-0.0033449477050453424
1648638,0.0037623730022460222,0.0009935220004990697,-0.004118072800338268
1648737,0.0036487425677478313,0.0019432439003139734,-0.0034382902085781097
1648838,0.0038679493591189384,-0.00044625549344345927,-0.0028170442674309015
1648938,0.0033759507350623608,0.00011637072020675987,-0.0030043793376535177
1649036,0.0031639342196285725,6.327310256892815e-05,-0.002761670621111989
1649136,0.003414162201806903,-0.0002730730047915131,-0.00277214078232646
1649236,0.0025670845061540604,8.023812551982701e-05,-0.003562838537618518
1649336,0.0018564399797469378,0.0010727994376793504,-0.005536653567105532
1649436,0.004891610704362392,0.001188133261166513,-0.004908356349915266
1649536,0.004455301444977522,0.0013413415290415287,-0.005075032822787762
1649636,0.005751118995249271,0.0004666961031034589,-0.00516469357535243
1649736,0.005445745773613453,0.001752248266711831,-0.006807929836213589
1649836,0.0066318451426923275,0.001222388818860054,-0.006979010067880154
1649936,0.006051366683095694,0.0010305139003321528,-0.006005881354212761
1650036,0.0055427527986466885,0.0015072548994794488,-0.006303203757852316
1650136,0.00590332830324769,0.00162159139290452,-0.005204560700803995
1650236,0.005114947445690632,0.0022383048199117184,-0.006425545550882816
1650336,0.005607369355857372,0.0013243315042927861,-0.00506608234718442
1650436,0.004267612472176552,0.001102888723835349,-0.006458698306232691
1650536,0.005758742336183786,0.002289291238412261,-0.004604731220752001
1650636,0.00420468021184206,0.0009070857195183635,-0.005428222939372063
1650736,0.004581914283335209,0.0008572538499720395,-0.004606264177709818
1650836,0.004038601648062468,0.0014395235339179635,-0.0055452147498726845
1650936,0.0040801456198096275,0.00047000922495499253,-0.004845109768211842
1651036,0.0039629945531487465,0.0006326340953819454,-0.004482048563659191
1651136,0.004310878459364176,0.001532473135739565,-0.004711522720754147
1651236,0.005207833368331194,0.0013393309200182557,-0.004632154479622841
1651336,0.003904357785359025,0.0009701350354589522,-0.004756199661642313
1651436,0.004819532390683889,0.0008110469789244235,-0.003320546355098486
1651536,0.004080879967659712,0.00023979632533155382,-0.00493970513343811
1651636,0.005006864666938782,0.0014621971640735865,-0.005083061754703522
1651736,0.004271675366908312,0.0003066285280510783,-0.00500924326479435
1651836,0.004989173728972673,0.001058202818967402,-0.005776862148195505
1651936,0.005335347726941109,0.00044238538248464465,-0.004853484220802784
1652036,0.002964052837342024,0.0008792612352408469,-0.005609684158116579
1652136,0.00332548376172781,0.001044965349137783,-0.005887392442673445
1652236,0.004645093344151974,0.0008764882804825902,-0.004696166608482599
1652336,0.0050957403145730495,0.0007908942061476409,-0.004917307756841183
1652436,0.004644092638045549,0.00014079238462727517,-0.005712502636015415
1652536,0.004274346400052309,0.0012802869314327836,-0.004849465098232031
1652636,0.005253145936876535,0.00015450028877239674,-0.004064042586833239
1652736,0.003442530520260334,0.00041197537211701274,-0.005268715787678957
1652836,0.005015587899833918,0.0011222471948713064,-0.003987907897680998
1652936,0.005007890984416008,0.000875194906257093,-0.004637810867279768
1653036,0.004545528907328844,0.0003218338533770293,-0.0031367435585707426
1653136,0.003958212677389383,-0.0004089006979484111,-0.0031564615201205015
1653236,0.003400446381419897,0.0003726482973434031,-0.003626496298238635
1653336,0.0031704811844974756,0.0004939719801768661,-0.003510637441650033
1653436,0.004167252220213413,0.0015112500404939055,-0.0029492161702364683
1653536,0.0033843270502984524,0.00011262025509495288,-0.003936009481549263
1653636,0.0036127534694969654,0.0008135763346217573,-0.004242951516062021
1653736,0.003976770211011171,0.0004626944428309798,-0.004254021681845188
1653836,0.005612333305180073,0.0010179250966757536,-0.003404151415452361
1653936,0.00408132141456008,0.00010429098620079458,-0.005999991204589605
1654036,0.006183020304888487,0.0016320748254656792,-0.005534530151635408
1654136,0.005697066430002451,0.0010176532668992877,-0.006947294808924198
1654236,0.005235068965703249,0.000978616764768958,-0.006885770242661238
1654336,0.005671922117471695,0.0006429643835872412,-0.006563549395650625
1654436,0.006168629042804241,0.0021839675027877092,-0.006742116995155811
1654536,0.00592027697712183,0.0008407019777223468,-0.007874740287661552
1654636,0.006763178389519453,0.0009717436041682959,-0.0072184838354587555
1654736,0.007341714575886726,0.0014856011839583516,-0.007677196059376001
1654836,0.008013587445020676,0.001536975963972509,-0.00748213566839695
1654936,0.007410455495119095,0.001326108817011118,-0.008249741978943348
1655036,0.007365504279732704,0.0011565895983949304,-0.007826908491551876
1655136,0.007170242257416248,0.0014870556769892573,-0.007691101636737585
1655236,0.006989373825490475,0.0007895558374002576,-0.008095166645944118
1655336,0.008385413326323032,0.0011656259885057807,-0.007452437188476324
1655436,0.006866279058158398,0.0018639267655089498,-0.008042814210057259
1655536,0.006509614642709494,0.001348766265437007,-0.008207558654248714
1655636,0.0069387005642056465,0.0014878782676532865,-0.007657830603420734
1655736,0.005482193548232317,0.0016424749046564102,-0.007229065056890249
1655836,0.006348557770252228,0.0007827503141015768,-0.005898911505937576
1655936,0.005087953060865402,0.0014332520077005029,-0.006513400003314018
1656036,0.005277953576296568,0.00027664084336720407,-0.005385499447584152
1656136,0.005251044873148203,0.00034924453939311206,-0.004259119741618633
1656236,0.004951531533151865,0.000246330484515056,-0.005813261028379202
1656336,0.004383666440844536,0.0011285663349553943,-0.005352518055588007
1656436,0.004403799306601286,0.0012480760924518108,-0.0038771377876400948
1656536,0.0036163516342639923,0.00022039510076865554,-0.0038941362872719765
1656636,0.003932215739041567,0.0008563806186430156,-0.005160811357200146
1656736,0.00502576632425189,0.0008948505856096745,-0.005706109572201967
1656836,0.004705039318650961,0.001985264476388693,-0.006732812616974115
1656936,0.00608409009873867,0.0017883733380585909,-0.0051804701797664165
1657036,0.006282916758209467,0.0009939383016899228,-0.006277099717408419
1657136,0.005779367405921221,0.0005435507628135383,-0.00563405454158783
1657236,0.004595219157636166,0.001994454301893711,-0.005135375540703535
1657336,0.004341618623584509,0.0004924447275698185,-0.005315899383276701
1657436,0.0037236432544887066,0.0006868039490655065,-0.005397713277488947
1657536,0.0045331381261348724,0.0007585732964798808,-0.005716048181056976
1657636,0.003037110436707735,0.0005749128176830709,-0.00535671366378665
1657736,0.004970259964466095,0.0013938707998022437,-0.004394137300550938
1657836,0.004122486803680658,0.0014566557947546244,-0.0042366571724414825
1657936,0.003380673239007592,2.918371592386393e-06,-0.004241212736815214
1658036,0.0040477123111486435,0.0007264016894623637,-0.0038745375350117683
1658136,0.0034017888829112053,0.0008141699945554137,-0.003330031642690301
1658236,0.003493398195132613,-8.309500117320567e-05,-0.003132070181891322
1658336,0.0037333599757403135,0.0012646290706470609,-0.0036558909341692924
1658436,0.004362570587545633,0.0002767927944660187,-0.004639285616576672
1658536,0.0032228082418441772,0.000983183505013585,-0.0045621213503181934
1658636,0.004365009721368551,-0.00026539151440374553,-0.004228297621011734
1658736,0.0032606376335024834,-0.00017674773698672652,-0.005409311503171921
1658836,0.005020179785788059,0.00046222624951042235,-0.00458148680627346
1658936,0.0041118646040558815,0.0011128979967907071,-0.004675942473113537
1659036,0.004375474527478218,0.0008963904110714793,-0.005296124145388603
1659136,0.004271537996828556,0.0014613484963774681,-0.005036055110394955
1659236,0.004376801662147045,0.0023215459659695625,-0.00498694833368063
1659336,0.004171616397798061,0.0010447901440784335,-0.004953895229846239
1659436,0.00494628818705678,0.00043478666339069605,-0.006013407371938229
1659536,0.00465366942808032,0.0005424603587016463,-0.005423527676612139
1659636,0.005520506761968136,0.0006276884814724326,-0.005725236609578133
1659736,0.004013529513031244,0.00057467061560601,-0.006260031834244728
1659836,0.0056441170163452625,0.0018754481570795178,-0.004316365346312523
1659936,0.0055530499666929245,0.0008271730621345341,-0.005406135693192482
1660036,0.005345194600522518,0.0007543776300735772,-0.006160686258226633
1660136,0.00571443373337388,1.9081357095274143e-05,-0.005897086579352617
1660236,0.005629199557006359,0.0007669848273508251,-0.004575871396809816
1660336,0.004379177000373602,0.001534283859655261,-0.006185981910675764
1660436,0.006362162996083498,0.0016950665740296245,-0.006500481627881527
1660536,0.005997353699058294,0.0013393813278526068,-0.007202500943094492
1660636,0.0066562858410179615,0.0008551388164050877,-0.0064354161731898785
1660736,0.0054467604495584965,0.00044295552652329206,-0.007589599583297968
1660836,0.005945807788521051,0.0014935198705643415,-0.00692960899323225
1660936,0.0063384887762367725,0.0011155761312693357,-0.006819692440330982
1661036,0.006153998896479607,0.0007441662601195276,-0.006933522876352072
1661136,0.005091283470392227,0.0007974749314598739,-0.006225978955626488
1661236,0.0053558023646473885,0.0010583855910226703,-0.005746795330196619
1661336,0.004904953297227621,-0.00048418703954666853,-0.006956979166716337
1661436,0.005363918840885162,0.0009563320782035589,-0.0057481094263494015
1661536,0.005806586239486933,4.235142841935158e-05,-0.00520320376381278
1661636,0.005633571185171604,0.0009649830753915012,-0.004897468723356724
1661736,0.00506102479994297,0.0014118865365162492,-0.006161632016301155
1661836,0.005364264361560345,0.0009515835554338992,-0.004774939734488726
1661936,0.00433875760063529,0.0017056419746950269,-0.004376222379505634
1662036,0.004379284102469683,0.0009127994999289513,-0.0050090616568923
1662136,0.004565461538732052,0.0013905734522268176,-0.004194442182779312
1662236,0.004933099262416363,0.0013176057254895568,-0.005963540636003017
1662336,0.005203845910727978,0.0007434299332089722,-0.005112453363835812
1662436,0.005381478928029537,0.0009624544181860983,-0.0063413288444280624
1662536,0.005168146453797817,0.0015447601908817887,-0.00512316171079874
1662636,0.003946125041693449,0.0006102769984863698,-0.004932793322950602
1662736,0.004745147190988064,0.0008039780077524483,-0.004336096812039614
1662836,0.004975836258381605,0.001305609941482544,-0.0051982589066028595
1662936,0.0033593853004276752,0.0018365688156336546,-0.004173292778432369
1663036,0.0032940364908427,0.0005625915946438909,-0.003867765422910452
1663136,0.00285896984860301,0.001434901263564825,-0.0033987434580922127
1663236,0.003013594774529338,0.0004492378211580217,-0.004988292697817087
1663336,0.004293852020055056,0.0016618769150227308,-0.004434244241565466
1663436,0.004315087106078863,0.0016228330787271261,-0.003623422933742404
1663536,0.004268620628863573,0.0009717539651319385,-0.0038451016880571842
1663636,0.002341377316042781,0.0009231324656866491,-0.00350361131131649
1663737,0.0028089298866689205,0.001096496358513832,-0.0040730070322752
1663837,0.004041827749460936,-0.00049333501374349,-0.0037853792309761047
1663936,0.004608556628227234,0.0021782228723168373,-0.004275305196642876
1664036,0.004934579599648714,0.0013501722132787108,-0.004236252978444099
1664137,0.004567244555801153,0.00147358444519341,-0.005053357686847448
1664236,0.005576512310653925,0.0015328846639022231,-0.006020831409841776
1664336,0.006127417087554932,0.0014056843938305974,-0.006145224906504154
1664436,0.005557231605052948,0.0011568523477762938,-0.006739581003785133
1664537,0.00612052483484149,0.0016961132641881704,-0.006447530817240477
1664637,0.006431335583329201,0.0015982744516804814,-0.006243965122848749
1664738,0.005309212487190962,0.002100140554830432,-0.006450004409998655
1664838,0.005554572679102421,0.0022248062305152416,-0.006467203609645367
1664938,0.005520880222320557,-0.0001288457860937342,-0.005695592612028122
1665038,0.004994502291083336,0.0012923575704917312,-0.005759089719504118
1665137,0.005533626768738031,0.0004452425055205822,-0.006297746207565069
1665238,0.005597253795713186,0.001974238781258464,-0.006390153430402279
1665337,0.005558630917221308,0.0011919892858713865,-0.006015917286276817
1665438,0.005127976182848215,0.000526037416420877,-0.005142007023096085
1665538,0.005127633921802044,0.0007183410925790668,-0.004241310991346836
1665638,0.004945599008351564,0.00019607320427894592,-0.005414457060396671
1665736,0.005903088953346014,0.0012020785361528397,-0.005443032830953598
1665839,0.005115365609526634,-0.00017172489606309682,-0.0062460144981741905
1665938,0.005252331029623747,0.0010721255093812943,-0.006265203468501568
1666036,0.005834721960127354,0.00047757153515703976,-0.006384013686329126
1666136,0.005617057904601097,0.0013390532694756985,-0.006998214405030012
1666239,0.005787543021142483,0.0015870595816522837,-0.006865343078970909
1666339,0.006923817563802004,0.0014021573588252068,-0.005797960329800844
1666436,0.005028526298701763,0.00033578361035324633,-0.006713391747325659
1666536,0.005037988070398569,0.0005642778123728931,-0.006296033039689064
1666636,0.003898481372743845,0.001833427813835442,-0.006274124141782522
1666736,0.005487504415214062,0.002406288869678974,-0.0055872914381325245
1666836,0.004943827632814646,0.001556156319566071,-0.0058213332667946815
1666936,0.0049522086046636105,0.0009728257427923381,-0.00646210927516222
1667036,0.005804616026580334,0.0014150606002658606,-0.005350323859602213
1667136,0.004591245204210281,0.0013943942030891776,-0.006008927244693041
1667236,0.004318494349718094,0.0015689687570556998,-0.007166323717683554
1667336,0.005059804301708937,0.0017787414835765958,-0.005465536378324032
1667436,0.004796965979039669,0.0009636140894144773,-0.005909852683544159
1667536,0.005844894330948591,0.0021780445240437984,-0.00370554206892848
1667636,0.004975350107997656,0.00126742257270962,-0.004198932088911533
1667736,0.005406657233834267,0.0007077113841660321,-0.005210089031606913
1667836,0.004729199223220348,0.0013421588810160756,-0.004113284405320883
1667936,0.0031867448706179857,0.000649007095489651,-0.004160938784480095
1668036,0.003265565959736705,0.0008735982701182365,-0.003958659712225199
1668136,0.003877870738506317,0.00041245605098083615,-0.0048112040385603905
1668236,0.004053181037306786,0.0009511838434264064,-0.004549161996692419
1668336,0.004573557060211897,0.0011624160688370466,-0.004566263873130083
1668436,0.0035012876614928246,0.0006043061148375273,-0.005143391899764538
1668536,0.004900671541690826,0.001833171583712101,-0.0046345945447683334
1668636,0.005129395984113216,0.0017384844832122326,-0.005760171450674534
1668736,0.006291885394603014,0.0015316660283133388,-0.006310729309916496
1668836,0.005746548064053059,0.002356254728510976,-0.006306407041847706
1668936,0.004719340242445469,0.001650565885938704,-0.006188527215272188
1669036,0.005590802524238825,0.0022803563624620438,-0.00586869427934289
1669136,0.005867469124495983,0.0014821506338194013,-0.005493286997079849
1669236,0.005632839631289244,0.0005934159271419048,-0.0053557842038571835
1669336,0.0050042434595525265,0.0013365637278184295,-0.005956168286502361
1669436,0.005382869392633438,0.0015601773047819734,-0.0062512061558663845
1669536,0.004045465029776096,0.0004973563482053578,-0.005643682554364204
1669636,0.004961385857313871,0.0007892149151302874,-0.00487237935885787
1669736,0.00501851923763752,0.0018603936769068241,-0.004364554304629564
1669836,0.004255947656929493,0.0010376146528869867,-0.004079943988472223
1669936,0.004943821579217911,0.0005519881960935891,-0.0034853543620556593
1670036,0.0036877423990517855,0.001124533941037953,-0.0033396959770470858
1670136,0.003324222983792424,0.00017791875870898366,-0.002688965294510126
1670236,0.0033650703262537718,0.0010120110819116235,-0.002695889212191105
1670336,0.0043557072058320045,0.0017986618913710117,-0.003932536579668522
1670436,0.005767086520791054,0.0006300197564996779,-0.003975046332925558
1670536,0.004004224203526974,0.0002244972565677017,-0.005813680589199066
1670636,0.003374455962330103,0.0009123865165747702,-0.00658395467326045
1670736,0.004330307710915804,0.0008702035993337631,-0.005711844656616449
1670836,0.005899269133806229,0.0005011161556467414,-0.00552080012857914
1670936,0.005398427601903677,0.0018218631157651544,-0.005991546902805567
1671036,0.006206975784152746,0.0015959434676915407,-0.0056394911371171474
1671136,0.005374755244702101,0.0006189813720993698,-0.00646956916898489
1671236,0.006631955504417419,0.0009851222857832909,-0.006967007648199797
1671336,0.007388994097709656,0.0017572717042639852,-0.007219650782644749
1671436,0.0066392007283866405,0.000342782586812973,-0.008321687579154968
1671536,0.007157052867114544,0.0007496655452996492,-0.007320307660847902
1671636,0.0060778106562793255,0.001828047912567854,-0.007894817739725113
1671736,0.006484472658485174,0.0013578527141362429,-0.0069839851930737495
1671836,0.006378101650625467,0.0007924361852928996,-0.005983779206871986
1671936,0.004112287424504757,0.002902961801737547,-0.0045104860328137875
1672036,0.004001024644821882,0.00039270956767722964,-0.003296908689662814
1672136,0.0024498319253325462,0.0012488141655921936,-0.003266306361183524
1672236,0.0033640284091234207,0.0008018865482881665,-0.0036552101373672485
1672336,0.00260405195876956,0.00017692915571387857,-0.003640561830252409
1672436,-0.005723327863961458,0.0034508989192545414,3.9910855775815435e-06
1672536,-0.0010639569954946637,0.0017899761442095041,-0.001772292540408671
1672636,2.0870959360763663e-06,0.0005251312395557761,0.0010883574141189456
1672736,-0.04326349496841431,-0.02564350515604019,0.0015289178118109703
1672836,-0.0287160687148571,0.0033558898139744997,0.04344845935702324
1672936,-0.03974996134638786,-0.0711432471871376,0.2428504228591919
1673036,-0.05704357102513313,-0.056839633733034134,0.3471115827560425
1673136,-0.04185106232762337,-0.03031299076974392,0.4322262704372406
1673236,0.01254258118569851,-0.04561269283294678,0.5043467283248901
1673336,0.02057749219238758,-0.057898327708244324,0.5597565174102783
1673436,-0.02041124925017357,-0.06899742037057877,0.6162701845169067
1673536,-0.044465046375989914,-0.07357899099588394,0.6203058362007141
1673636,-0.03368247672915459,-0.046283215284347534,0.6368840932846069
1673736,-0.006972574163228273,-0.00096925999969244,0.5576900839805603
1673836,0.017217939719557762,0.010768052190542221,0.3975902497768402
1673936,0.03414197266101837,-0.011481385678052902,0.2561640739440918
1674036,0.035754892975091934,-0.03989468142390251,0.18781211972236633
1674136,0.031608741730451584,-0.051830314099788666,0.2006036788225174
1674236,0.021911008283495903,-0.005649973638355732,0.09785325080156326
1674336,0.04414726048707962,0.016250060871243477,0.05220833420753479
1674436,0.0796273797750473,6.904243491590023e-05,0.020413221791386604
1674536,0.06050145998597145,0.00889891479164362,-0.025145968422293663
1674636,0.04968889057636261,0.011880218051373959,-0.03894669562578201
1674736,0.05140944570302963,-0.013253792189061642,-0.008473371155560017
1674836,0.04810630530118942,-0.017228802666068077,-0.017017880454659462
1674936,0.048017650842666626,-0.008636705577373505,-0.02421559765934944
1675036,0.05950054153800011,-0.0004968619905412197,-0.04496921971440315
1675136,0.050816506147384644,0.005665068980306387,-0.046254340559244156
1675236,0.04508264362812042,-0.0007740807486698031,-0.03669407218694687
1675336,0.03096754290163517,-0.01175000611692667,-0.02391408570110798
1675436,0.03810300678014755,-0.022015491500496864,-0.016876474022865295
1675536,0.0619363859295845,-0.026987556368112564,-0.008636679500341415
1675636,0.061356283724308014,-0.014873555861413479,-0.02283211052417755
1675736,0.0488688163459301,-0.006502760574221611,-0.026038160547614098
1675836,0.025659451261162758,0.003007166553288698,-0.0004055591707583517
1675936,0.018007904291152954,0.01553693599998951,0.009137501008808613
1676036,-0.00044362727203406394,0.03263159841299057,0.011856206692755222
1676136,0.0010401778854429722,0.03628162667155266,-0.01777462661266327
1676236,0.009286368265748024,0.024968450888991356,-0.0335148423910141
1676336,-0.005234833341091871,0.027966072782874107,-0.010278851725161076
1676436,-0.019389165565371513,0.03479274362325668,-0.00881559681147337
1676536,-0.027334582060575485,0.0407099686563015,-0.00046115604345686734
1676636,-0.02455056458711624,0.03937041386961937,-0.010081297717988491
1676736,-0.013828147202730179,0.02344825491309166,-0.013650109060108662
1676836,-0.013242349959909916,0.014737781137228012,-0.012071829289197922
1676936,-0.02670123800635338,0.01285850815474987,-0.0007291289512068033
1677036,-0.03403421491384506,0.029301270842552185,-0.008833401836454868
1677136,-0.0667218565940857,0.05873425677418709,-0.01461803074926138
1677236,-0.0888163149356842,0.07606488466262817,0.021916382014751434
1677336,-0.0784817636013031,0.10344617068767548,0.035978708416223526
1677436,-0.08096522092819214,0.09884997457265854,0.03354979306459427
1677536,-0.07231694459915161,0.08417639881372452,-0.03682820871472359
1677636,-0.06139158830046654,0.054291415959596634,-0.043145086616277695
1677736,-0.07166005671024323,0.025901516899466515,-0.03472995385527611
1677836,-0.04901428520679474,-0.01637783832848072,-0.048500023782253265
1677936,-0.03014971874654293,-0.026447748765349388,-0.052367113530635834
1678036,-0.020865732803940773,-0.007020581513643265,-0.06000099703669548
1678136,-0.03188203647732735,0.00021244128583930433,-0.036829471588134766
1678236,-0.024327749386429787,0.011872148141264915,0.024716053158044815
1678336,0.005658694542944431,0.0032847849652171135,-0.011486000381410122
1678436,-0.017015894874930382,0.02135477028787136,0.007654906716197729
1678536,-0.015389284119009972,-0.0010946053080260754,0.03342355787754059
1678636,-0.003251458518207073,-2.704617872950621e-05,-0.008342640474438667
1678736,-0.005859707482159138,0.004672384820878506,-0.03631487861275673
1678836,-0.010506565682590008,-0.008554905652999878,-0.033192940056324005
1678936,0.004526153206825256,-0.02712961845099926,-0.024118132889270782
1679036,-0.00669708801433444,-0.014186461456120014,-0.01961471326649189
1679136,-0.00926471408456564,0.001269610715098679,-0.018792705610394478
1679236,-0.008262217044830322,0.005451270379126072,-0.019386285915970802
1679336,-0.007713425438851118,0.008084692060947418,-0.023675108328461647
1679436,-0.006902813445776701,0.009519444778561592,-0.026370467618107796
1679536,-0.0013066204264760017,-0.0008971006027422845,-0.017125025391578674
1679636,-0.01831846684217453,0.00479090353474021,0.008065669797360897
1679736,-0.015578490681946278,0.0030195866711437702,0.004592370707541704
1679836,-0.011596276424825191,0.000846272218041122,0.0005126534961163998
1679936,-0.015580713748931885,0.013648008927702904,-0.0007088891579769552
1680036,-0.011809063144028187,0.019538694992661476,-0.01857554353773594
1680136,-0.015062102116644382,0.018932707607746124,0.006824131589382887
1680236,-0.014216424897313118,0.013090022839605808,0.010676940903067589
1680336,-0.01773078553378582,0.015453330241143703,0.00950194988399744
1680436,-0.018573328852653503,0.005382138770073652,0.013838984072208405
1680536,-0.019404930993914604,-0.0025980956852436066,0.017020471394062042
1680636,-0.01492986362427473,-0.005988285876810551,0.015922384336590767
1680736,-0.020177409052848816,-0.0015107099898159504,0.014933246187865734
1680836,-0.020016901195049286,-0.00027405438595451415,0.015976939350366592
1680936,-0.01689188741147518,-0.004096361342817545,0.015253911726176739
1681036,-0.013919523917138577,-0.006088052876293659,0.015687301754951477
1681136,-0.014805320650339127,-0.0031341626308858395,0.012684401124715805
1681236,-0.014504803344607353,-0.0018392980564385653,0.012072323821485043
1681336,-0.012086143717169762,-0.004069777205586433,0.011208527721464634
1681437,-0.010658700950443745,-0.0023577946703881025,0.008620086126029491
1681537,-0.008235355839133263,-0.0025109362322837114,0.00721925450488925
1681638,-0.006984091363847256,-0.0014796220930293202,0.006154648028314114
1681737,-0.0054837861098349094,-0.001393147511407733,0.005351672880351543
1681837,-0.0036933033261448145,-0.002962500089779496,0.003408059012144804
1681937,-0.0025307615287601948,-0.0006805213633924723,0.0018026246689260006
1682037,-0.00012213003356009722,-0.001021500676870346,0.0010393729899078608
1682137,4.069745045853779e-05,-3.531653055688366e-05,-0.00041713594691827893
1682237,0.0035142567940056324,-0.00046098342863842845,-0.0023210460785776377
1682337,0.0038151140324771404,0.0008201513555832207,-0.0027665456291288137
1682438,0.0045328810811042786,0.0007678300025872886,-0.003403130918741226
1682538,0.00419826153665781,-5.802765826956602e-06,-0.004120119381695986
1682639,0.006716496776789427,0.0010641898261383176,-0.004519245121628046
1682738,0.007130836136639118,-0.0003679774818010628,-0.0056104580871760845
1682839,0.007357184775173664,0.0009467696072533727,-0.006455964874476194
1682938,0.007480902131646872,0.0020236745476722717,-0.0053651402704417706
1683038,0.0080911535769701,0.0007130007725208998,-0.005623335018754005
1683136,0.008654902689158916,0.0019095311872661114,-0.006262053735554218
1683238,0.008482370525598526,0.001476110890507698,-0.00712710153311491
1683339,0.00847859401255846,0.00010367132927058265,-0.0062578339129686356
1683436,0.008779703639447689,0.0009657616610638797,-0.006763746030628681
1683536,0.008105557411909103,0.0007618762901984155,-0.006267615128308535
1683636,0.008635945618152618,4.675555828725919e-05,-0.0066603804007172585
1683736,0.007151767611503601,0.0006906766793690622,-0.005515676457434893
1683836,0.007224848493933678,0.001403159461915493,-0.0055569871328771114
1683936,0.008588816970586777,0.0008322205394506454,-0.0059232814237475395
1684036,0.00811369251459837,0.0008342992514371872,-0.004836697597056627
1684136,0.00838625431060791,0.0010546348057687283,-0.005656508728861809
1684236,0.008422838523983955,0.0007148265722207725,-0.0043786996975541115
1684336,0.007863080129027367,0.0009315166971646249,-0.005758959334343672
1684436,0.007031475193798542,0.00042638034210540354,-0.004966401029378176
1684536,0.001343355979770422,0.007441770751029253,-0.005721972789615393
1684636,0.011525135487318039,-0.003526913234964013,-0.0011782872024923563
1684736,0.005261900369077921,0.0009029843495227396,-0.0031856594141572714
1684836,-0.003952147904783487,0.007442596834152937,-0.00801045447587967
1684936,0.00797866191715002,-0.002596074715256691,-0.00043349340558052063
1685036,0.0060181999579072,-0.00407623453065753,0.0006091541144996881
1685136,0.0029697755817323923,-0.0005270707188174129,-0.0016381122404709458
1685236,0.0038448208943009377,-0.00481695169582963,-0.0011234654812142253
1685336,-0.00394883519038558,0.0006506774807348847,-0.002104296814650297
1685436,-0.006943539250642061,0.007362373638898134,0.00013365013001020998
1685536,0.015694724395871162,-0.005352905951440334,-0.002914496697485447
1685636,0.012718643993139267,-0.001612824504263699,-0.0034890598617494106
1685736,0.0027903979644179344,0.010147199034690857,-0.004957559052854776
1685836,-0.001821479992941022,0.024675419554114342,-0.009157179854810238
1685936,0.010077562183141708,-0.001976422732695937,-0.009866809472441673
1686036,0.01270947977900505,-0.012504071928560734,-0.010393952950835228
1686136,0.018086975440382957,-0.010785733349621296,-0.010067841038107872
1686236,0.009876937605440617,-0.008696099743247032,-0.010868551209568977
1686336,0.0161298718303442,-0.009409593418240547,-0.01229044422507286
1686436,0.013463819399476051,-0.00022418903245124966,-0.014160530641674995
1686536,0.014952549710869789,0.0006677492056041956,-0.012752154842019081
1686636,0.009311281144618988,0.012483174912631512,-0.016592880710959435
1686736,0.006383461877703667,0.0137373898178339,-0.010231973603367805
1686836,0.009177780710160732,-0.0004851270350627601,-0.006182180251926184
1686936,0.003642922267317772,0.006013723090291023,-0.004598415456712246
1687036,0.0012529183877632022,0.003906786907464266,-0.004953877069056034
1687136,0.0008870489546097815,-0.00101730867754668,-0.0007302742451429367
1687236,-0.0008849406149238348,-0.0025374426040798426,0.0013436098815873265
1687336,-0.0021431816276162863,-0.0012057157000526786,0.0013386483769863844
1687436,-0.0025727658066898584,-0.0010485078673809767,0.0018193755531683564
1687536,-0.0022756613325327635,-0.0010790855158120394,0.0014208393404260278
1687636,-0.0006050735246390104,-0.001521353260613978,0.001995548838749528
1687736,-0.001855508191511035,-0.0002208102960139513,0.0010376963764429092
1687836,-0.0015225245151668787,0.0007144531118683517,0.0004680534766521305
1687936,-0.0007450927514582872,-5.8390818594489247e-05,0.0003805693704634905
1688036,0.0022893864661455154,0.005170091055333614,0.0015225199749693274
1688136,-0.01184070948511362,-0.0014519415562972426,0.0005465523572638631
1688236,0.0036278176121413708,-0.010908380150794983,0.006852082908153534
1688336,-0.004732353612780571,-0.02309131808578968,0.011381116695702076
1688436,-0.021138956770300865,0.0018374738283455372,0.011313725262880325
1688536,-0.004933886229991913,-0.0008097124518826604,0.010884707793593407
1688636,-0.005236401222646236,-0.018979769200086594,0.011079254560172558
1688736,-0.004232319537550211,-0.0006743916892446578,0.009016940370202065
1688836,-0.009416196495294571,-0.00012958201114088297,0.005831867456436157
1688936,-0.006034890189766884,0.0049123880453407764,-6.226037658052519e-05
1689036,-0.0008574117091484368,-0.0019978350028395653,-0.0004428658285178244
1689136,0.008315540850162506,-0.00495589105412364,0.0003035113331861794
1689236,0.004498401656746864,0.001228582696057856,-0.0016519895289093256
1689336,0.006347868591547012,0.00036131447996012866,-0.005169547628611326
1689436,0.013761459849774837,-0.009460466913878918,-0.0038752497639507055
1689536,0.00804181583225727,0.0025371063966304064,-0.008982963860034943
1689636,0.012606848031282425,0.00215615751221776,-0.008760759606957436
1689736,0.012514589354395866,0.0029436545446515083,-0.011390472762286663
1689836,0.01502508856356144,0.0028032150585204363,-0.012046233750879765
1689936,0.016360577195882797,0.002526727970689535,-0.012136728502810001
1690036,0.016461767256259918,0.003706052666530013,-0.013355616480112076
1690136,0.01772548258304596,0.002739671617746353,-0.013663657009601593
1690236,0.01717756688594818,0.003167510498315096,-0.013802934437990189
1690336,0.016789553686976433,0.002931497758254409,-0.014005353674292564
1690436,0.01680353656411171,0.0028766111936420202,-0.014287346974015236
1690536,0.015825482085347176,0.0029307170771062374,-0.01346528809517622
1690636,0.015465358272194862,0.0028075408190488815,-0.013326133601367474
1690736,0.014485611580312252,0.0030178495217114687,-0.012674413621425629
1690836,0.014061808586120605,0.0028527623508125544,-0.011296332813799381
1690936,0.013318528421223164,0.002499922411516309,-0.010601643472909927
1691036,0.01202196255326271,0.0018775461940094829,-0.011495589278638363
1691136,0.011141068302094936,0.0023602687288075686,-0.009694939479231834
1691236,0.01159147173166275,0.0013399699237197638,-0.00969029776751995
1691336,0.007701010908931494,0.00361566967330873,-0.00895890686661005
1691436,0.009424961172044277,0.0014704590430483222,-0.0073552425019443035
1691536,0.007862783037126064,0.001963440328836441,-0.00860902015119791
1691636,0.010046537034213543,0.0020664571784436703,-0.006641735788434744
1691736,0.005817623808979988,0.0033343075774610043,-0.0064038485288619995
1691836,0.00662186648696661,0.006045553833246231,-0.005651773419231176
1691936,0.00511570181697607,0.001876654103398323,-0.00405943812802434
1692036,0.002934608608484268,0.0010923458030447364,-0.002794660395011306
1692136,0.001952946768142283,-0.0004267072363290936,-0.0013838610611855984
1692236,0.0008840684313327074,0.00028585505788214505,-0.00024533158284612
1692336,-0.00013672462955582887,0.0009025148465298116,-0.0014681954635307193
1692436,-0.0006249356083571911,-0.0035732730757445097,0.00011943341087317094
1692536,-0.0005788193666376173,3.4615859476616606e-05,-0.000133113149786368
1692636,0.00039456391823478043,-0.0006852943333797157,0.0006024849135428667
1692736,0.0012467829510569572,-0.0002918327518273145,-0.0010718487901613116
1692836,0.00010526384721742943,-5.2847051847493276e-05,4.1394905565539375e-05
1692936,-0.0002456309157423675,0.0004055247118230909,-0.0003444946196395904
1693036,0.0007349028601311147,0.00034709766623564065,0.00014870146696921438
1693136,0.0014007933204993606,-0.00013221391418483108,4.757348870043643e-05
1693236,0.00143191940151155,0.00018302448734175414,-0.0003229418070986867
1693336,0.0017258870648220181,-0.0005103477160446346,-0.0007592049660161138
1693436,0.0018973320256918669,-0.0003721777175087482,-0.001528924098238349
1693536,0.0020079505629837513,0.0003779011021833867,-0.0027626492083072662
1693636,0.003574482398107648,-0.0003159057523589581,-0.0027377991937100887
1693736,0.004245852120220661,-0.0013908586697652936,-0.003986044321209192
1693836,0.003134859260171652,0.001021208823658526,-0.0049171787686645985
1693936,0.006990647874772549,0.0020813823211938143,-0.00385976186953485
1694036,0.008497323840856552,0.0038228644989430904,-0.004295687191188335
1694136,0.0156567320227623,-0.0009316591313108802,-0.00626514945179224
1694236,0.01096346229314804,-0.0011778224725276232,-0.006794788409024477
1694336,0.00862082652747631,0.000827471143566072,-0.007074646186083555
1694436,0.008717535994946957,-9.604477236280218e-05,-0.0067804716527462006
1694536,0.00881911814212799,0.0012353342026472092,-0.0071464222855865955
1694636,0.009852200746536255,0.0010874996660277247,-0.007643598131835461
1694736,0.009998979978263378,0.0015238485066220164,-0.008410988375544548
1694836,0.009773017838597298,0.0021999937016516924,-0.007180046755820513
1694936,0.00939460750669241,0.00082323735114187,-0.007937170565128326
1695036,0.008930620737373829,0.0022845580242574215,-0.0074010686948895454
1695136,0.008043120615184307,0.001654024701565504,-0.006988756358623505
1695236,0.008494523353874683,0.00197787513025105,-0.006277554668486118
1695336,0.0076612019911408424,0.0010061708744615316,-0.006257981061935425
1695436,0.008149679750204086,0.0006397811812348664,-0.005637175403535366
1695536,0.006818367168307304,0.0022026074584573507,-0.005669810343533754
1695636,0.005926274694502354,0.0010673770448192954,-0.00572701683267951
1695736,0.0056455619633197784,0.0013816703576594591,-0.005351667758077383
1695836,0.006963764317333698,0.0012131641851738095,-0.00456478726118803
1695936,0.005328841041773558,0.0014243806945160031,-0.005308539140969515
1696036,0.006030299235135317,0.00019889618852175772,-0.005116643849760294
1696136,0.00593571737408638,0.0008021037210710347,-0.004784708376973867
1696236,0.006289254873991013,0.00033938491833396256,-0.005426905583590269
1696336,0.005968719255179167,0.0013565965928137302,-0.004574805963784456
1696436,0.00469188392162323,0.001243524020537734,-0.004257099237293005
1696536,0.005255518946796656,0.0003368990437593311,-0.0033017403911799192
1696636,0.004582572262734175,0.0012087546056136489,-0.004233843646943569
1696736,0.00454401969909668,0.001204978208988905,-0.004384720232337713
1696836,0.003728272393345833,0.0007613435154780746,-0.00358940614387393
1696936,0.004066632129251957,0.0002908433089032769,-0.002762341173365712
1697037,0.004249625373631716,0.0005271043046377599,-0.002645820612087846
1697137,0.0029365443624556065,0.0002100800338666886,-0.00321945920586586
1697237,0.004186661913990974,0.0003247639106120914,-0.002534062135964632
1697337,0.003131906734779477,0.000792569771874696,-0.004083534236997366
1697437,0.003795207478106022,0.001713957404717803,-0.0032636886462569237
1697537,0.0027272675652056932,0.0013133571483194828,-0.005013494752347469
1697637,0.0031212710309773684,0.0014746221713721752,-0.003830903908237815
1697737,0.004621957894414663,-0.0007693289662711322,-0.0028080064803361893
1697837,0.0038845937233418226,-0.0005521969869732857,-0.0031568517442792654
1697937,0.005178561434149742,0.0005921199335716665,-0.003057132475078106
1698038,0.004303290508687496,0.0007751096854917705,-0.0030090794898569584
1698138,0.003924325108528137,0.0002610041119623929,-0.003776982193812728
1698238,0.004345118533819914,0.0009369830368086696,-0.003602965734899044
1698338,0.003715888597071171,0.0006320193060673773,-0.004294638056308031
1698438,0.004564791917800903,0.0008396658813580871,-0.003482126398012042
1698538,0.0050166272558271885,-0.0005939350230619311,-0.0038426294922828674
1698638,0.004851129371672869,0.00054640241432935,-0.0038007483817636967
1698738,0.004867938347160816,0.0017341753700748086,-0.002940005622804165
1698838,0.003906369674950838,0.001597200520336628,-0.004122854210436344
1698938,0.0059937345795333385,0.0007377041620202363,-0.0025179791264235973
1699039,0.0035702972672879696,0.0010258705588057637,-0.0032762722112238407
1699139,0.004061971791088581,0.0015871390933170915,-0.0032604506704956293
1699239,0.0037273778580129147,0.001532924477942288,-0.004735966678708792
1699339,0.005899848882108927,0.0010521222138777375,-0.002699980977922678
1699439,0.005317616742104292,5.670141035807319e-05,-0.003049577819183469
1699538,0.004054823890328407,0.0011193972313776612,-0.00435144267976284
1699639,0.005139724817126989,0.0005702184280380607,-0.003929045516997576
1699738,0.004552623722702265,0.0016489942790940404,-0.004191314801573753
1699839,0.005109300371259451,0.001657056505791843,-0.003651852486655116
1699939,0.005391665268689394,0.0012635315069928765,-0.005023595876991749
1700036,0.005195287521928549,0.00023955799406394362,-0.004989216569811106
1700136,0.004525641445070505,0.0013570652808994055,-0.004610883072018623
1700236,0.005932111293077469,0.0010124840773642063,-0.004146213177591562
1700336,0.004554332699626684,0.0012414256343618035,-0.005683047231286764
1700436,0.006477187387645245,0.0011480175890028477,-0.0046174051240086555
1700536,0.006925917696207762,0.0006766493897885084,-0.005425492767244577
1700636,0.006840519607067108,0.0012196785537526011,-0.004895051009953022
1700736,0.006920738145709038,0.0010198169620707631,-0.005424938630312681
1700836,0.008178145624697208,0.0002695887815207243,-0.005807521287351847
1700936,0.007433481980115175,0.0009122076444327831,-0.00586978392675519
1701036,0.0067744143307209015,0.00033588020596653223,-0.006114608142524958
1701136,0.0064178770408034325,0.002322804182767868,-0.0058190482668578625
1701236,0.007143596187233925,0.002029710914939642,-0.006069470662623644
1701336,0.006993729621171951,0.001419884618371725,-0.005851353518664837
1701436,0.006630260497331619,0.0008637087303213775,-0.006059152074158192
1701536,0.006307264789938927,0.0006703888648189604,-0.005848318338394165
1701636,0.007054923567920923,0.00029888874269090593,-0.005639743525534868
1701736,0.007171385455876589,0.0023120043333619833,-0.005661900620907545
1701836,0.006334388162940741,0.0008301815832965076,-0.005110528785735369
1701936,0.00534346979111433,0.0017737708985805511,-0.004667165223509073
1702036,0.005720270331948996,-0.0002562555018812418,-0.0038518698420375586
1702136,0.003974649123847485,0.0013232252094894648,-0.004272114019840956
1702236,0.004779051057994366,0.0012698753271251917,-0.0038794931024312973
1702336,0.0048000626266002655,2.6479747248231433e-05,-0.004457229282706976
1702436,0.004185779951512814,-0.00029020311194472015,-0.003298440482467413
1702536,0.0033838236704468727,9.600136399967596e-05,-0.0019691097550094128
1702636,0.0028862240724265575,0.0014956541126593947,-0.0017398172058165073
1702736,0.002934585092589259,-6.902104814798804e-06,-0.0028036253061145544
1702836,0.003010969841852784,3.592453867895529e-05,-0.0021801225375384092
1702936,0.0023487932048738003,0.0002899313112720847,-0.001965585397556424
1703036,0.0029095537029206753,0.0009678227943368256,-0.001179401413537562
1703136,0.001930372673086822,0.0012504877522587776,-0.0011529390467330813
1703236,0.0027891029603779316,4.759812873089686e-05,-0.0012521145399659872
1703336,0.0021851391065865755,0.0006313991034403443,-0.0015953683760017157
1703436,0.002235068939626217,0.00018602091586217284,-0.0022970971185714006
1703536,0.003261710749939084,0.0001244462764589116,-0.0021085089538246393
1703636,0.00355893443338573,0.0005821092636324465,-0.002745260251685977
1703736,0.0032701254822313786,0.00029389941482804716,-0.00224229390732944
1703836,0.0038345379289239645,0.00011740390618797392,-0.002728490624576807
1703936,0.004000939428806305,0.00131560442969203,-0.0029554120264947414
1704036,0.00329396640881896,0.001113147009164095,-0.0028907484374940395
1704136,0.0032482142560184,0.0008257695590145886,-0.0025382344610989094
1704236,0.0051133655942976475,0.0020377810578793287,-0.0030036361422389746
1704336,0.0043310304172337055,0.0008285065996460617,-0.004388001281768084
1704436,0.004729044623672962,0.0009537151199765503,-0.003549294313415885
1704536,0.003751705400645733,0.001878538983874023,-0.003772952128201723
1704636,0.005436406936496496,-0.0009218872874043882,-0.0028534827288240194
1704736,0.003823180915787816,0.0003478194121271372,-0.004915223456919193
1704836,0.006069227121770382,0.0015800031833350658,-0.003720121691003442
1704936,0.005084597505629063,0.0011121612042188644,-0.004386506509035826
1705036,0.005958056077361107,0.0006664632819592953,-0.0037263226695358753
1705136,0.005313761066645384,0.0007656923262402415,-0.00492158392444253
1705236,0.005627129692584276,0.0009527847287245095,-0.004388959147036076
1705336,0.006356518715620041,0.0014243375044316053,-0.003880771342664957
1705436,0.005412679631263018,0.001212043920531869,-0.004635645542293787
1705536,0.0052366675809025764,0.0009399180416949093,-0.005421136971563101
1705636,0.0065288906916975975,0.0011526410235092044,-0.005868019536137581
1705736,0.0061988839879632,0.0008509244071319699,-0.005496519152075052
1705836,0.006922260392457247,0.0013039957266300917,-0.005366637837141752
1705936,0.007136450614780188,0.0015528275398537517,-0.006369858980178833
1706036,0.0076914019882678986,0.0006841295980848372,-0.00588900875300169
1706136,0.007172503042966127,4.5301971113076434e-05,-0.006844885181635618
1706236,0.00765962665900588,0.0015183776849880815,-0.007031690329313278
1706336,0.006999576464295387,0.0017731153639033437,-0.006004425697028637
1706436,0.0077887908555567265,0.001485053333453834,-0.005866966210305691
1706536,0.005856445524841547,0.0011533945798873901,-0.00679451460018754
1706636,0.006157951895147562,0.0014124077279120684,-0.005189952906221151
1706736,0.007334653753787279,-0.0002794842584989965,-0.0047584716230630875
1706836,0.0053588454611599445,0.0019007009686902165,-0.005257841199636459
1706936,0.004576383624225855,0.0006857361295260489,-0.00468206312507391
1707036,0.004796050954610109,0.000529562879819423,-0.00423573050647974
1707136,0.005890503525733948,0.00037625557160936296,-0.004617051221430302
1707236,0.005065096542239189,0.001027219113893807,-0.004278459586203098
1707336,0.0006422271835617721,-0.007328998763114214,-0.0035983696579933167
1707436,0.004245562944561243,0.0007314565009437501,-0.004249135497957468
1707536,0.0062031494453549385,-0.0004711537330877036,-0.005039542447775602
1707636,0.006405502092093229,0.0008731033885851502,-0.004929172806441784
1707736,0.006907090079039335,0.0019580675289034843,-0.006663451436907053
1707836,0.007282216567546129,0.0037748944014310837,-0.006695831194519997
1707936,0.006606518290936947,0.0025110519491136074,-0.0071150073781609535
1708036,0.008098275400698185,-2.05285832635127e-05,-0.005591011140495539
1708136,0.0065317703410983086,0.0015489315846934915,-0.005438114982098341
1708236,0.006260338705033064,0.0010500686476007104,-0.004469248000532389
1708336,0.005881025455892086,0.0011728504905477166,-0.0057962508872151375
1708436,0.0062063890509307384,0.0009879687568172812,-0.005485092755407095
1708536,0.005603482481092215,0.0007828501402400434,-0.004682654980570078
1708636,0.005070171784609556,0.0010084646055474877,-0.00484862457960844
1708736,0.0059531922452151775,0.0011849028524011374,-0.004149197600781918
1708836,0.006104663014411926,0.0015280130319297314,-0.005329120438545942
1708936,0.0066141788847744465,0.0013526686234399676,-0.003388309618458152
1709036,0.00991437491029501,0.0011186356423422694,-0.0023285800125449896
1709136,0.005610031075775623,0.0015344393905252218,-0.0037485689390450716
1709236,0.005708492826670408,0.0022008956875652075,-0.003168206661939621
1709336,0.003477682825177908,0.005760627798736095,-0.005806224886327982
1709436,0.004541785456240177,0.002232820726931095,-0.006369348149746656
1709536,0.004834344610571861,0.004485744051635265,-0.003301864257082343
1709636,0.002252973848953843,0.0062456862069666386,-0.005258349236100912
1709736,0.0009394046501256526,0.0035216317046433687,-0.004438529722392559
1709836,0.0022240765392780304,0.005504518281668425,-0.005198415834456682
1709936,0.0067960768938064575,0.003427209099754691,-0.006894993130117655
1710036,-3.951325925299898e-05,0.007299954071640968,-0.004178806208074093
1710136,0.006795839406549931,0.004791371989995241,-0.010729782283306122
1710236,0.008442498743534088,0.003306146478280425,-0.008105126209557056
1710336,0.0030842816922813654,0.0035111969336867332,-0.006251418963074684
1710436,0.005136279389262199,0.004929377231746912,-0.008502754382789135
1710536,0.004086444620043039,0.004773254506289959,-0.007661227136850357
1710636,0.005841589067131281,0.005643530283123255,-0.008685018867254257
1710736,0.002860533306375146,0.004734101239591837,-0.006148355081677437
1710836,0.0033970410004258156,0.004343492444604635,-0.008817995898425579
1710936,0.005684266798198223,0.002842262154445052,-0.005769672803580761
1711036,0.004791618324816227,0.0018507289933040738,-0.005781096871942282
1711136,0.0009774253703653812,0.0046407380141317844,-0.005197532474994659
1711236,-0.00047755445120856166,0.005666516721248627,-0.0033243615180253983
1711336,0.0007257855613715947,0.0002271156554343179,-0.0023867266718298197
1711436,-0.0005765086971223354,0.001642675488255918,0.0003148463147226721
1711536,-0.003331003710627556,0.002289785770699382,0.0007817944278940558
1711636,-0.0015190389240160584,-0.0008816919289529324,0.0023031742312014103
1711736,-0.002762932563200593,-0.0003977498272433877,0.0003065654309466481
1711836,-0.002802746370434761,-0.0009172603022307158,0.001466892659664154
1711936,-0.0026545182336121798,0.0005051805637776852,0.0008596345433034003
1712036,-0.001808425527997315,0.0009793505305424333,0.0011638300493359566
1712136,-0.0010796909919008613,0.0004915049066767097,0.0009196170722134411
1712236,-0.0005405735573731363,0.00024129124358296394,0.0012740482343360782
1712336,-0.004024028778076172,0.0012176051968708634,0.001689744764007628
1712436,-0.0030613632407039404,-4.354652264737524e-05,0.002413515467196703
1712536,-0.003207522677257657,-0.0005159165011718869,0.0028850147500634193
1712636,-0.004444383550435305,-0.00022955301392357796,0.003599736839532852
1712736,-0.002925206208601594,0.0004067180270794779,0.0037003958132117987
1712836,-0.0035643083974719048,-0.0012128198286518455,0.0030723835807293653
1712936,-0.003212616080418229,-0.0014077724190428853,0.0019770883955061436
1713036,-0.002284678863361478,-0.00015085154154803604,0.002458815695717931
1713136,-0.002538352506235242,0.001013482571579516,0.0002948179026134312
1713236,-0.001189687754958868,-0.0002948724722955376,0.0007830439717508852
1713336,0.00027513003442436457,-0.0007822237676009536,0.0002097009273711592
1713436,7.511018338846043e-05,-0.00031890065292827785,-0.001595536945387721
1713536,0.0005625072517432272,0.0007319638389162719,-0.001011011772789061
1713636,0.0010161292739212513,0.0006365654990077019,-0.0016928439727053046
1713737,0.0021598050370812416,0.00011170992365805432,0.0003575562732294202
1713837,0.0012688585557043552,-6.541346374433488e-05,-0.00208756304346025
1713937,0.0017645001644268632,0.0002453233173582703,-0.0021716866176575422
1714037,0.0021240690257400274,-0.00011406472913222387,-0.0014845929108560085
1714137,0.002101047895848751,-2.5016504878294654e-05,-0.0017895788187161088
1714237,0.0032403776422142982,0.001065273187123239,-0.001489579095505178
1714337,0.0037851366214454174,7.452286808984354e-05,-0.0034362429287284613
1714437,0.004401065409183502,0.0004262520815245807,-0.0035871420986950397
1714537,0.004323650151491165,0.0006580240442417562,-0.0033075097016990185
1714637,0.005032210610806942,0.001204898115247488,-0.004049590788781643
1714738,0.0055662416853010654,0.0012605104129761457,-0.004141549114137888
1714838,0.004620085936039686,0.0007509324932470918,-0.0037720438558608294
1714938,0.004476411733776331,0.0009584454237483442,-0.003985722549259663
1715038,0.0051614041440188885,0.0006483873003162444,-0.0036224278155714273
1715137,0.0057014962658286095,0.0009486736380495131,-0.0031321330461651087
1715238,0.00463139871135354,0.000925767351873219,-0.0035386502277106047
1715337,0.004296370316296816,0.0007475634338334203,-0.004003084730356932
1715438,0.004075091797858477,0.0020730742253363132,-0.0044294074177742004
1715538,0.005577600561082363,0.0013243734138086438,-0.003125263610854745
1715637,0.005839059129357338,0.00038966041756793857,-0.003765147179365158
1715738,0.004100688733160496,0.0014622336020693183,-0.004264752380549908
1715838,0.004591596778482199,0.00027506332844495773,-0.004084426444023848
1715938,0.004144774284213781,0.0005352284060791135,-0.004656079225242138
1716039,0.003757042810320854,0.0005372485029511154,-0.004524207208305597
1716138,0.005637750960886478,0.001184009131975472,-0.003311289707198739
1716238,0.005376666318625212,0.0007272375514730811,-0.004550358280539513
1716338,0.006228887476027012,0.0013142029056325555,-0.004903421737253666
1716438,0.006434986833482981,0.0013653356581926346,-0.0038239830173552036
1716539,0.006706001237034798,0.0016208253800868988,-0.005705817602574825
1716639,0.006734149996191263,0.0019980359356850386,-0.006654626224189997
1716736,0.0069774845615029335,0.002122160280123353,-0.0061780246905982494
1716836,0.006425877567380667,0.0007535791955888271,-0.0055299014784395695
1716936,0.006036640144884586,9.208267874782905e-05,-0.0068890005350112915
1717036,0.007358934730291367,0.0018589029787108302,-0.006100127007812262
1717136,0.008574103005230427,0.0007194450008682907,-0.00665268674492836
1717236,0.0074509987607598305,0.0018547034123912454,-0.007181625813245773
1717336,0.007151171565055847,0.0015944829210639,-0.006673305295407772
1717436,0.008461710065603256,-0.0003204813110642135,-0.005066417623311281
1717536,0.00636575510725379,-0.0003204579697921872,-0.0067247264087200165
1717636,0.006377888843417168,0.00014021742390468717,-0.00507548451423645
1717736,0.0060288733802735806,0.001998626161366701,-0.005012008361518383
1717836,0.0014034241903573275,0.00450260890647769,-0.004671571310609579
1717936,0.0039776903577148914,0.0010054956655949354,-0.004986799322068691
1718036,0.0026754746213555336,0.0022260542027652264,-0.003304561600089073
1718136,0.02101154625415802,-0.0111656803637743,0.0003374453808646649
1718236,0.017421046271920204,-0.013461997732520103,-0.00039728719275444746
1718336,-0.0023796879686415195,-0.0002875099307857454,0.0016087312251329422
1718436,-0.00440124562010169,-0.0030631287954747677,0.0023076951038092375
1718536,-0.005368997808545828,0.0006298137595877051,0.00392256211489439
1718636,-0.004338473547250032,-7.829166133888066e-05,0.0034168779384344816
1718736,-0.004126494750380516,-0.0002311238058609888,0.004068588372319937
1718836,-0.0037741935811936855,-0.0007800972671248019,0.003234080970287323
1718936,-0.0019312228541821241,-0.0029405332170426846,0.0033772785682231188
1719036,-0.0011248263763263822,-0.0009899022988975048,0.0013385121710598469
1719136,0.002035422483459115,-0.00026931604952551425,0.0002176443231292069
1719236,0.002790719037875533,-0.0002467244921717793,-0.001385497977025807
1719336,0.002579346066340804,0.001418359694071114,-0.0027706462424248457
1719436,0.0041884020902216434,0.0015084734186530113,-0.003634243505075574
1719536,0.005286029074341059,0.0011215574340894818,-0.004551930818706751
1719636,0.006391905713826418,0.0014367892872542143,-0.005473440047353506
1719736,0.0067646196112036705,0.0008636966231279075,-0.005795121658593416
1719836,0.007159476168453693,0.0013624151470139623,-0.005209933966398239
1719936,0.00603078817948699,0.0007355996058322489,-0.0054979510605335236
1720036,0.005265540909022093,0.001419011503458023,-0.0029396340250968933
1720136,0.006104752887040377,-0.00033858325332403183,-0.0046141077764332294
1720236,0.006690578535199165,0.0003707277646753937,-0.004016723483800888
1720336,0.00614961376413703,0.0012964339694008231,-0.004427409265190363
1720436,0.006431978661566973,-0.0010699838167056441,-0.0051345909014344215
1720536,0.006711326539516449,-9.306182619184256e-05,-0.005482792854309082
1720636,0.006852364633232355,0.002636911813169718,-0.005722221918404102
1720736,0.007312066853046417,0.0009593016002327204,-0.006835684180259705
1720836,0.013576224446296692,0.01304088719189167,-0.006724717561155558
1720936,0.01225973665714264,0.005152555648237467,-0.006880732718855143
1721036,0.0016720136627554893,0.00963595137000084,-0.007811164017766714
1721136,0.006919650360941887,0.0023847848642617464,-0.0057698399759829044
1721236,0.01007015723735094,-0.0026238400023430586,-0.005213284399360418
1721336,0.008514169603586197,-0.0011675177374854684,-0.004633175674825907
1721436,0.00807484146207571,-0.001585581572726369,-0.005117972381412983
1721536,0.00885371770709753,-0.0012929817894473672,-0.004650466609746218
1721636,0.008714538998901844,-0.0011723121860995889,-0.006232180166989565
1721736,0.009159955196082592,0.00040777568938210607,-0.00716305710375309
1721836,0.010588432662189007,0.0006897127022966743,-0.0075264847837388515
1721936,0.010670054703950882,0.002321437932550907,-0.00786464475095272
1722036,0.011106183752417564,-0.0005226037465035915,-0.008847037330269814
1722136,0.011328504420816898,0.0018687833799049258,-0.00973911676555872
1722236,0.012757097370922565,0.0012406877940520644,-0.010078387334942818
1722336,0.013051762245595455,0.0020387545228004456,-0.010244853794574738
1722436,0.012049865908920765,0.0028591991867870092,-0.010795275680720806
1722536,0.011826782487332821,0.0020277337171137333,-0.010732054710388184
1722636,0.012246818281710148,0.001843784935772419,-0.010677876882255077
1722736,0.011759691871702671,0.0019427494844421744,-0.009894512593746185
1722836,0.010503790341317654,0.0026287566870450974,-0.009142281487584114
1722936,0.010333473794162273,0.0016765471082180738,-0.008307458832859993
1723036,0.009614711627364159,0.002427872968837619,-0.007735079620033503
1723136,0.0027429196052253246,0.0074678584933280945,-0.00913275871425867
1723236,0.019396768882870674,-0.002541696187108755,-0.00555110489949584
1723336,0.00819481909275055,0.0016314747044816613,-0.006342187523841858
1723436,0.012749816291034222,-0.0012478375574573874,-0.0066055599600076675
1723536,0.017092758789658546,-0.0042836326174438,-0.004466256592422724
1723636,0.01399706769734621,-0.003923665266484022,-0.006750062108039856
1723736,0.008913220837712288,0.0015821619890630245,-0.007476815488189459
1723836,0.009591135196387768,0.0006456102710217237,-0.008774656802415848
1723936,0.010595391504466534,0.001102952752262354,-0.008171923458576202
1724036,0.009864253923296928,0.0016299809794873,-0.00815082062035799
1724136,0.00802706927061081,0.00183533551171422,-0.009424670599400997
1724236,0.009706860408186913,0.0015450934879481792,-0.006628926377743483
1724336,0.008364408276975155,0.002024643588811159,-0.007404842879623175
1724436,0.009712113067507744,0.0019925162196159363,-0.007199079263955355
1724536,0.00988151878118515,0.001622825744561851,-0.007813269272446632
1724636,0.00899808295071125,0.0010344823822379112,-0.008846284821629524
1724736,0.009515517391264439,0.0022613450419157743,-0.0071294778026640415
1724836,0.007095601409673691,0.0014199834549799562,-0.008859476074576378
1724936,0.008575177751481533,0.00037343939766287804,-0.006451892666518688
1725036,0.008489501662552357,0.0012237763730809093,-0.0069191427901387215
1725136,0.008636599406599998,0.0014323201030492783,-0.0066159614361822605
1725236,0.008038208819925785,0.000816674146335572,-0.0066130016930401325
1725336,0.007443410810083151,0.0016638640081509948,-0.00589153403416276
1725436,0.006538026966154575,0.001237057032994926,-0.006743848789483309
1725536,0.006384604144841433,-0.0003209179558325559,-0.005913380067795515
1725636,0.006895293947309256,0.000867589726112783,-0.004437395837157965
1725736,0.005943508818745613,0.0008328768890351057,-0.006227524485439062
1725836,0.005464029498398304,0.0018161205807700753,-0.004194285254925489
1725936,0.0047623030841350555,0.0005522806313820183,-0.005290011875331402
1726036,0.005868003703653812,0.00020888348808512092,-0.004818404093384743
1726136,0.004219559952616692,0.0017154942033812404,-0.004234250634908676
1726236,0.0036745122633874416,0.0013583516702055931,-0.004052290227264166
1726336,0.0035086495336145163,0.00013377175491768867,-0.003055575070902705
1726436,0.00276766624301672,-0.0005624594050459564,-0.004281492438167334
1726536,0.003352429484948516,0.00101356056984514,-0.0026330105029046535
1726636,0.0023912733886390924,-0.0006291504832915962,-0.003581091994419694
1726736,0.0022527361288666725,0.000949834706261754,-0.004076223820447922
1726836,0.0034890244714915752,0.0004507678095251322,-0.0027809736784547567
1726936,0.0031285162549465895,0.0007048352854326367,-0.0028439550660550594
1727036,0.003576931543648243,0.00038778403541073203,-0.0017371568828821182
1727136,0.0034150758292526007,0.001381204230710864,-0.002740747295320034
1727236,0.003939487971365452,-0.0002922290004789829,-0.0025648437440395355
1727336,0.004331556614488363,-0.0004810012469533831,-0.0033252115827053785
1727436,0.004552231635898352,0.001524430699646473,-0.0028165653347969055
1727536,0.0036436535883694887,0.00032412121072411537,-0.005168676842004061
1727636,0.005237635690718889,9.411341306986287e-05,-0.004226669203490019
1727736,0.004829370882362127,0.0018580442992970347,-0.004170089494436979
1727836,0.005087271332740784,0.000526551331859082,-0.0040868413634598255
1727936,0.004614351317286491,0.0012904915492981672,-0.004216923378407955
1728036,0.005564591847360134,0.0002981485449708998,-0.003824268700554967
1728136,0.006863824091851711,0.0010670380434021354,-0.004890833981335163
1728236,0.006513544823974371,0.0010047088144347072,-0.005614798981696367
1728336,0.0070230476558208466,0.0008550428319722414,-0.0057938857935369015
1728436,0.006367157679051161,0.001213307143189013,-0.004845176823437214
1728536,0.005183628294616938,0.0010331706143915653,-0.005820164456963539
1728636,0.00747927650809288,-0.00034691611654125154,-0.0043111806735396385
1728736,0.0052960338070988655,0.0005238720332272351,-0.005836394615471363
1728836,0.00027695513563230634,0.004403896629810333,-0.005092586390674114
1728936,0.00046875825501047075,0.0025242988485842943,-0.002258113119751215
1729036,0.0005206438945606351,0.006129422690719366,-0.0015659230994060636
1729136,-0.005988328251987696,0.005141065921634436,-0.0025209514424204826
1729236,-0.0025202373508363962,0.002970740431919694,-0.0001958636858034879
1729336,-0.0005473222117871046,-0.0013540101936087012,0.0012669218704104424
1729436,-0.0031437897123396397,-0.0017799407942220569,0.0031883884221315384
1729536,-0.0018829887267202139,-0.0026099716778844595,0.0020317777525633574
1729636,-0.002267827745527029,-0.0009982764022424817,0.0016423175111413002
1729736,-0.00030118293943814933,-0.000356871634721756,0.002281402936205268
1729836,0.0005871293833479285,-6.845874850114342e-06,-9.798721293918788e-05
1729936,0.0013792843092232943,-0.0006869981880299747,-0.0007389417150989175
1730036,0.003261023433879018,0.00037465672357939184,-0.000744141114410013
1730136,0.004363423679023981,-0.0017934329807758331,-0.0031371659133583307
1730236,0.004810195881873369,0.00012142249033786356,-0.0028675866778939962
1730337,0.004794081673026085,0.0012270195875316858,-0.0030556321144104004
1730437,0.006021355744451284,0.0001184626598842442,-0.004706765990704298
1730537,0.008340825326740742,0.0012016765540465713,-0.006178117822855711
1730637,0.008233552798628807,0.0008307610987685621,-0.006576415151357651
1730737,0.008902029134333134,0.0008726344094611704,-0.007596956100314856
1730837,0.009165466763079166,0.001995748607441783,-0.00786226149648428
1730937,0.009211431257426739,0.002242462709546089,-0.006882172543555498
1731037,0.010232900269329548,0.0010024827206507325,-0.007592915557324886
1731137,0.009473937563598156,0.0011473363265395164,-0.006807915400713682
1731237,0.008748427033424377,0.0016949641285464168,-0.006847858894616365
1731337,0.009010367095470428,0.0007827531080693007,-0.006403966341167688
1731437,0.009344401769340038,0.0009835476521402597,-0.007861698977649212
1731537,0.009704246185719967,0.0019959856290370226,-0.007657368667423725
1731638,0.009307674132287502,0.0018829167820513248,-0.007001903839409351
1731737,0.009656482376158237,0.0021888460032641888,-0.006566385272890329
1731837,0.008580065332353115,0.0019199225353077054,-0.008224905468523502
1731937,0.009576305747032166,0.0009186935494653881,-0.006032354198396206
1732037,0.007782592438161373,0.0008062747656367719,-0.005466755013912916
1732137,0.007217176724225283,0.0005127093172632158,-0.0051273442804813385
1732237,0.004297636914998293,0.00040762536809779704,-0.00523185171186924
1732338,0.004152324516326189,0.0007785147754475474,-0.004767527803778648
1732438,0.004777373280376196,0.001972240163013339,-0.0041794609278440475
1732538,0.0051170350052416325,-0.0013312981463968754,-0.005153442267328501
1732638,0.005131026264280081,0.0003958169254474342,-0.004787001758813858
1732738,0.0057016946375370026,-0.0002215183776570484,-0.0029460121877491474
1732838,0.004700591787695885,0.0007977258646860719,-0.003657743101939559
1732938,0.003259934950619936,-0.000347779190633446,-0.005306485574692488
1733038,0.005005417391657829,0.0011915413197129965,-0.0038709156215190887
1733136,0.005504691042006016,0.00044882536167278886,-0.004451273009181023
1733236,0.004828712437301874,-0.0006209040875546634,-0.003545254236087203
1733336,0.004695882089436054,0.0007616119692102075,-0.0040062787011265755
1733436,0.004712786991149187,0.0012207977706566453,-0.003892545122653246
1733536,0.003710268996655941,0.0005136232357472181,-0.004236983135342598
1733636,0.004739525727927685,-0.0005766618414781988,-0.004052735399454832
1733736,0.006140571087598801,0.0015598686877638102,-0.0031653873156756163
1733836,0.00640091672539711,0.000458222086308524,-0.005070626735687256
1733936,0.006632104516029358,0.00017309820395894349,-0.005257411394268274
1734036,0.005986489821225405,0.0017261902103200555,-0.004377587232738733
1734136,0.00519561069086194,0.001268989872187376,-0.005702847149223089
1734236,0.006414780393242836,0.0004358796286396682,-0.005467832088470459
1734336,0.005418871995061636,0.0016643820563331246,-0.00614597974345088
1734436,0.0046675363555550575,0.00066471251193434,-0.005757020320743322
1734536,0.005790338385850191,0.0011891658650711179,-0.004719420801848173
1734636,0.005997132044285536,0.00042700787889771163,-0.005287775304168463
1734736,0.006198810879141092,0.0011401899391785264,-0.0054879747331142426
1734836,0.006901061162352562,0.0014867160934954882,-0.004876417573541403
1734936,0.005987211130559444,0.0015377268427982926,-0.004820995964109898
1735036,0.00660411361604929,-4.144935519434512e-05,-0.00500608142465353
1735136,0.0060653649270534515,0.0018143805209547281,-0.004359590355306864
1735236,0.006081995088607073,0.0015183825744315982,-0.005885952617973089
1735336,0.006097904406487942,0.0006993864080868661,-0.005509141832590103
1735436,0.006897437386214733,0.0007420486654154956,-0.005193173419684172
1735536,0.0062938290648162365,0.0016124671092256904,-0.004591674543917179
1735636,0.006092576775699854,0.00021727265266235918,-0.005676313769072294
1735736,0.007047031540423632,0.0009858730481937528,-0.005089404061436653
1735836,0.006183108780533075,0.0013346050400286913,-0.004364697262644768
1735936,0.0038274924736469984,0.001204618252813816,-0.006241867784410715
1736036,0.006337383296340704,0.00038061224040575325,-0.005245846696197987
1736136,0.0068399603478610516,0.00056860176846385,-0.004949383437633514
1736236,0.006377295590937138,0.001063462463207543,-0.006051126401871443
1736336,0.0071623437106609344,0.0022936963941901922,-0.005931011866778135
1736436,0.00662606954574585,0.0007477278122678399,-0.005674985237419605
1736536,0.007474760990589857,0.000857136445119977,-0.005893563851714134
1736636,0.00807501282542944,0.0014555156230926514,-0.004846659023314714
1736736,0.007540414575487375,0.0008103041909635067,-0.005641165189445019
1736836,0.007827047258615494,0.0010528129059821367,-0.004414356779307127
1736936,0.006650659721344709,0.0015087975189089775,-0.006822105031460524
1737036,0.008232510648667812,0.0009297500946559012,-0.006556484382599592
1737136,0.007874769158661366,0.0022204038687050343,-0.006065991707146168
1737236,0.007779865060001612,0.0001492582814535126,-0.0056097195483744144
1737336,0.0066643524914979935,0.0012284452095627785,-0.006373939570039511
1737436,0.006363565102219582,0.0008306119125336409,-0.006102760322391987
1737536,0.007456643041223288,0.001565894577652216,-0.005297687835991383
1737636,0.006739716976881027,0.0004166573635302484,-0.006023995112627745
1737736,0.005780933890491724,0.0015078979777172208,-0.007414108607918024
1737836,0.007750953081995249,0.0011155519168823957,-0.005950956139713526
1737936,0.006542651914060116,0.0010704349260777235,-0.006354722194373608
1738036,0.00693558482453227,0.0008317468455061316,-0.006645905319601297
1738136,0.006881261710077524,0.0008093937067314982,-0.005849241744726896
1738236,0.006765266414731741,0.001845305785536766,-0.0057796696200966835
1738336,0.006341598927974701,0.002231793710961938,-0.005424229893833399
1738436,0.007163889706134796,0.0006030703079886734,-0.005471523385494947
1738536,0.00686651049181819,0.001256246818229556,-0.0052581364288926125
1738636,0.007064777426421642,0.0005388371646404266,-0.005644271615892649
1738736,0.007668379228562117,0.0002591957163531333,-0.007133058272302151
1738836,0.007871726527810097,0.0011561382561922073,-0.007027211599051952
1738936,0.006876557599753141,0.0009827137691900134,-0.008178357034921646
1739036,0.008530239574611187,0.0010006368393078446,-0.006583699025213718
1739136,0.00842239148914814,0.0021225744858384132,-0.006128104869276285
