Timestamp,logNN.wx,logNN.wy,logNN.wz
1655246,0.004670857917517424,0.0006315908976830542,-0.0014316461747512221
1655346,0.0022013280540704727,0.0017157950205728412,0.002670028479769826
1655446,-0.0023839303757995367,0.00011118472320958972,-0.004195507615804672
1655546,0.0018333467887714505,-0.0018445373279973865,0.000453396700322628
1655646,-0.0018204100197181106,0.0007531638839282095,0.0035768835805356503
1655746,0.005152139347046614,0.0015924685867503285,-0.0016779249999672174
1655846,-0.003243063809350133,0.0035168351605534554,-0.0005561323487199843
1655946,-0.0012355035869404674,-0.003411969169974327,0.0006796337547712028
1656046,-0.0004076010372955352,0.00196114182472229,-0.0005784346139989793
1656146,-0.0007227098103612661,-0.0006849096389487386,-0.0010274755768477917
1656246,7.328611536649987e-05,0.0006199547206051648,-0.004454407840967178
1656346,-0.0007599536329507828,-0.000903004314750433,-7.880307384766638e-05
1656446,0.0022995094768702984,0.002361307153478265,0.0036863102577626705
1656546,-6.657646736130118e-05,0.004170096013695002,0.0012957467697560787
1656646,-0.001190914656035602,-0.0001641412964090705,-0.002834899351000786
1656746,2.4347275029867887e-05,0.0034547382965683937,0.000156658876221627
1656846,0.00130663497839123,-0.002434205263853073,0.000466048571979627
1656946,-0.003353839972987771,0.003967207856476307,0.0007502637454308569
1657046,-0.0020128407049924135,0.0041093467734754086,0.0004958278150297701
1657146,-0.0012532370164990425,-0.0007341454620473087,-0.0023492113687098026
1657247,0.001978810178115964,0.0038032736629247665,0.002637936035171151
1657347,-0.0015865953173488379,-0.0026416268665343523,0.0011628331849351525
1657447,0.0007542753592133522,0.006205685902386904,0.0007661872659809887
1657547,-0.0008454001508653164,-0.002728946041315794,0.00011650411761365831
1657647,-0.0005338948685675859,-0.00029192870715633035,-0.0020278985612094402
1657747,-0.0012765844585373998,-0.0017704414203763008,-0.0007738613057881594
1657846,0.004120979458093643,-0.0038862987421453,-0.002181456657126546
1657947,0.00213069561868906,0.0006613463629037142,0.0018686378607526422
1658047,-0.00360911525785923,-0.0041886926628649235,0.0012063075555488467
1658147,9.734932973515242e-05,-0.0058275493793189526,-0.0008270895923487842
1658248,0.0013173080515116453,0.005560825578868389,0.00014620836009271443
1658347,-0.00040499548777006567,-0.003062190255150199,0.001034833025187254
1658448,0.0019316573161631823,0.007326548919081688,0.00015604225336574018
1658547,-0.0013430165126919746,0.00022949953563511372,0.001098379958420992
1658647,-0.0006922670290805399,0.0006561712943948805,0.0032948472071439028
1658748,-0.0023893534671515226,0.0027523841708898544,-0.0021734233014285564
1658847,0.0021751748863607645,0.003459332510828972,0.0008117735851556063
1658947,-0.0031434153206646442,-0.0019315454410389066,-0.000977907795459032
1659048,0.0009772813646122813,0.0031560598872601986,-0.0009640852804295719
1659148,-0.0013399191666394472,0.0032917140051722527,0.0023531923070549965
1659248,0.0022550655994564295,0.0031365861650556326,0.003633663523942232
1659348,0.0041235461831092834,0.0007588879088871181,7.677751273149624e-05
1659446,0.0006751205073669553,-0.0006908884970471263,0.000614637800026685
1659548,0.00024006020976230502,-0.0031237350776791573,0.00010611764446366578
1659646,-0.0018251689616590738,0.0046438490971922874,0.0008958247490227222
1659746,-0.0010297461412847042,-0.0003663462703116238,0.0013690436026081443
1659846,0.0008381949737668037,-0.003438179148361087,-0.0013637428637593985
1659948,-0.003845766419544816,0.0030924815218895674,0.0036974905524402857
1660046,0.000749935454223305,-0.0031026669312268496,0.0009748141746968031
1660146,0.0025979906786233187,0.003191041760146618,-0.0031827830243855715
1660246,-0.006024657282978296,-0.0027820912655442953,-0.0016905413940548897
1660346,-0.003931680228561163,-0.006629621144384146,-0.0035570685286074877
1660446,-0.0005335814203135669,0.0006126733496785164,-0.0023023567628115416
1660546,0.0015192095888778567,-0.0011256891302764416,0.00048413791228085756
1660646,-0.0017000054940581322,-0.003038150491192937,0.0018805948784574866
1660746,0.0013115108013153076,-0.00448288070037961,0.0017905408749356866
1660846,0.0017105838051065803,-0.001877903356216848,0.0034361390862613916
1660946,0.00150417466647923,0.0025767714250832796,-0.0010938465129584074
1661046,0.0019494331208989024,-0.0012457345146685839,0.001235639094375074
1661146,0.005093547515571117,0.0044168164022266865,-0.0019862467888742685
1661246,0.002220469294115901,0.006913099437952042,0.003096827305853367
1661346,-0.00289096194319427,0.0018499722937121987,-0.0005177262355573475
1661446,0.0029400442726910114,0.0006019084248691797,0.0005115836393088102
1661546,-0.0003728094161488116,-0.0010632793419063091,0.0008565085008740425
1661646,0.002829018048942089,-0.0030291499570012093,-0.0026233475655317307
1661746,-0.00010621069668559358,0.002472001127898693,0.002185615710914135
1661846,-0.00617578811943531,-0.004150242079049349,0.001809527981095016
1661946,-0.001088546123355627,-0.0008269330719485879,0.002145058009773493
1662046,0.00037818486453033984,0.00056472048163414,-0.0006623176159337163
1662146,0.0008399449870921671,0.0013726537581533194,0.00019891832198482007
1662246,-0.001469290698878467,0.0011438352521508932,-0.000909757218323648
1662346,-0.001212216797284782,0.004696169402450323,8.443764818366617e-05
1662446,-0.0002870212192647159,0.00019391598470974714,-0.0009863850427791476
1662546,0.0012445576721802354,-0.0002894577046390623,-0.00012984346540179104
1662646,-0.0010064748348668218,-0.002493034116923809,-0.0017936446238309145
1662746,0.0007841110345907509,0.0056513273157179356,0.0022926372475922108
1662846,-0.0004592661280184984,-0.0028658853843808174,-0.001004113000817597
1662946,-0.0016008024103939533,0.002488901140168309,-0.0011775789316743612
1663046,-0.00317377015016973,-0.003976934123784304,-0.0025217432994395494
1663146,0.002055155113339424,0.0013997767819091678,-0.0019466995727270842
1663246,-0.001506765023805201,0.0013268290786072612,0.0004540610534604639
1663346,0.002544538350775838,0.0029690947849303484,0.00024564139312133193
1663446,-0.0007359744631685317,0.00472880806773901,-0.0002004648558795452
1663546,0.002013239311054349,-0.00014049232413526624,-0.00011161215661559254
1663646,0.0014810111606493592,-0.0018043338786810637,-0.0011848643189296126
1663746,-0.003684654366225004,-0.0006640091305598617,0.0033357124775648117
1663846,-0.0012278599897399545,0.0024405382573604584,0.0008564477902837098
1663946,-0.0012825129088014364,-0.004394760355353355,-0.0015466604381799698
1664046,0.0010994502808898687,-0.004407887347042561,-0.002280109329149127
1664146,0.0010685684392228723,0.0007620817632414401,-0.0033965797629207373
1664246,0.004554652143269777,0.0024539169389754534,0.0020603223238140345
1664346,-0.0018587644444778562,0.0028823281172662973,-0.002698250114917755
1664446,0.00026755829458124936,0.0017310164403170347,0.0028612136375159025
1664546,-0.0019161028321832418,0.000506975338794291,-0.002470778999850154
1664646,-0.0015292527386918664,0.0027439880650490522,-0.0038734893314540386
1664746,-0.0008371909498237073,-0.002407323569059372,0.00014647780335508287
1664846,-0.0013670467305928469,-0.006958737503737211,-0.0001501379010733217
1664946,0.004758035764098167,0.003541164333000779,-0.0014874818734824657
1665046,-0.0030252905562520027,-0.0011522341519594193,-0.0026958687230944633
1665146,0.00299655320122838,0.0056040626950562,-0.003853430738672614
1665246,0.00044602909474633634,-0.0012318372027948499,0.0013766903430223465
1665346,0.0005331228603608906,0.0007257378310896456,-0.0003796884266193956
1665446,0.0024763632100075483,-0.0040652137249708176,0.0007943035452626646
1665546,0.0026797556784003973,-0.000857907289173454,-0.00011566355533432215
1665646,0.0011929699685424566,0.0021051031071692705,0.0011331879068166018
1665746,-0.002340591512620449,-0.00531176570802927,-0.004412123933434486
1665846,-0.000325350760249421,-0.007001637015491724,-0.0012382982531562448
1665946,0.0043367259204387665,0.003697197185829282,-0.0027253550942987204
1666046,0.0006016279221512377,-0.00075436633778736,0.0005234531126916409
1666146,0.0011445037089288235,0.000711329048499465,0.0015306875575333834
1666246,-0.00027311823214404285,-0.003269842592999339,-0.002105438383296132
1666346,-0.0020293216221034527,-0.005365606397390366,-0.0019448157399892807
1666446,-0.0005237723235040903,-0.0029492825269699097,0.0034035302232950926
1666546,-0.0017903372645378113,-0.003887701313942671,-0.0007406941149383783
1666646,0.0011168512282893062,-0.0014072086196392775,0.002055617282167077
1666746,-0.001397395390085876,-0.003134779166430235,-0.001445924979634583
1666846,-0.0043950374238193035,0.0004714688111562282,0.00045947113540023565
1666946,-0.002641186583787203,-0.0003203775268048048,-0.0005555923562496901
1667046,-0.001996020320802927,-0.0033420997206121683,0.00024805348948575556
1667146,0.0009062710450962186,-0.00019831422832794487,0.003359822789207101
1667246,0.0022916903253644705,-0.0011032558977603912,0.002107028616592288
1667346,0.001790769281797111,-0.0003330324252601713,-0.001221408718265593
1667446,-0.00039944445597939193,0.0015289498260244727,-0.00023887895804364234
1667546,-0.0005372505984269083,0.004397996701300144,-0.0004913798184134066
1667646,-0.0013033106224611402,0.003061914350837469,-0.0013157525099813938
1667746,-0.0055393255315721035,0.002822333248332143,-0.00010569482401479036
1667846,0.0005259120953269303,-0.0009177414467558265,0.00015338428784161806
1667946,0.0013431720435619354,0.0033621080219745636,7.589252345496789e-05
1668046,-0.008072597905993462,0.0026127866003662348,0.002178668975830078
1668146,-0.0009953214321285486,0.0018396060913801193,0.0015035165706649423
1668246,-0.0026956163346767426,-0.0016559348441660404,0.0045591434463858604
1668346,-0.0009249469731003046,-0.00037319297553040087,0.0024855711963027716
1668446,-0.0025302190333604813,-0.0013172278413549066,-0.002114729257300496
1668546,0.0001563740079291165,0.0011174001265317202,-0.0012544187484309077
1668646,-0.0007823543273843825,-0.0009601214551366866,-0.001263018581084907
1668746,0.0036764349788427353,-0.003937857691198587,0.0012384229339659214
1668846,0.0031333845108747482,0.0016069066477939487,-0.003908331040292978
1668946,-0.002324085682630539,-0.0049257418140769005,0.002411643508821726
1669046,0.001543413964100182,-0.0026254230178892612,-0.0024195390287786722
1669146,0.0005535471718758345,0.0011222601169720292,0.003092353232204914
1669246,0.001547663239762187,-0.0029241591691970825,-0.0001137248837039806
1669346,-0.0013697370886802673,-0.008603089489042759,-0.002707304200157523
1669446,0.004650136921554804,-0.00018694119353313,-0.003933135885745287
1669546,-0.0014045852003619075,0.00342075084336102,0.0033769842702895403
1669646,0.00030376185895875096,0.000143713565194048,0.0019067354733124375
1669746,-0.0030964163597673178,0.0023100755643099546,0.0021315894555300474
1669846,0.001932463375851512,0.002630945760756731,-0.001925101736560464
1669946,0.0014758703764528036,0.0008140960126183927,0.004322682972997427
1670046,0.001708349329419434,-0.0019037602469325066,-0.0018726830603554845
1670146,0.0016038178000599146,0.005126671865582466,0.0034860274754464626
1670246,-0.00039132413803599775,-0.0026024493854492903,-0.0026061153039336205
1670346,0.0037448483053594828,-0.0009583797072991729,5.5918051657499745e-05
1670446,0.0013783416943624616,0.0009492595563642681,-0.0044294698163867
1670546,0.000682701647747308,0.004928053822368383,-0.001497983350418508
1670646,-0.0007017760071903467,0.0017407673876732588,0.00175015430431813
1670746,-0.0016145120607689023,-0.002635751385241747,-0.0003784312284551561
1670846,0.001208192901685834,0.0007278533885255456,-0.0015625031664967537
1670946,0.0011071093613281846,0.0008548837504349649,-0.0008203993202187121
1671046,0.0008227779762819409,0.0005281977937556803,0.004571355413645506
1671146,-0.0011036983923986554,0.003241389524191618,0.004045658744871616
1671246,0.002350099151954055,-0.004723265767097473,0.002958626253530383
1671346,0.0004971177550032735,-0.0008611766388639808,0.0012592233251780272
1671446,-0.0009615125018171966,-0.002812703838571906,-0.002971709705889225
1671546,0.0007724391762167215,0.003525802167132497,0.0004282175505068153
1671646,-0.0011021023383364081,0.001472407951951027,-0.0008085650042630732
1671746,-0.0008334236335940659,-0.004734951537102461,-0.0007035829476080835
1671846,0.0029748070519417524,0.00017641637532506138,-0.002373205032199621
1671946,-0.00024130489327944815,0.0013058790937066078,0.0011827783891931176
1672046,-0.0027722427621483803,0.003989203833043575,0.0007213266217149794
1672146,-0.0009436964755877852,-0.0032794345170259476,-0.0006516727735288441
1672246,-0.001185139873996377,0.0014926419826224446,0.0016784671461209655
1672346,-0.0024106348864734173,-0.006206611171364784,-0.004547175019979477
1672446,-0.12306299805641174,0.09813529998064041,0.8025621771812439
1672546,0.06636624783277512,-0.06453505903482437,-0.002072277944535017
1672646,-0.22752007842063904,0.2472694218158722,0.30830028653144836
1672746,-0.06943529099225998,-0.017500363290309906,-0.6365383863449097
1672846,0.09235355257987976,-1.051326870918274,-0.6562687158584595
1672946,0.48773127794265747,0.5635328888893127,0.8695513606071472
1673046,-0.17385859787464142,0.4001178741455078,-0.23557759821414948
1673146,-0.6325891613960266,-0.1775076538324356,-0.1968327760696411
1673246,-0.2547343075275421,-0.349985808134079,-0.0966450423002243
1673346,0.2255716770887375,0.3535652160644531,-0.02581559494137764
1673446,-0.32245856523513794,0.2898672819137573,0.23836539685726166
1673546,0.33486461639404297,-0.8095564842224121,0.11743727326393127
1673646,0.3132931590080261,0.04827171564102173,0.1519823968410492
1673747,-0.1796518862247467,0.5740399360656738,-0.21013715863227844
1673847,0.1316070258617401,0.18967284262180328,-0.017453521490097046
1673947,0.27122148871421814,-0.0545930489897728,0.026541294530034065
1674047,-0.04072992876172066,-0.10132687538862228,-0.27868756651878357
1674147,0.15899573266506195,0.5036441087722778,0.07872529327869415
1674247,0.07645436376333237,0.32167479395866394,-0.058069512248039246
1674347,0.22912098467350006,0.12320414930582047,-0.0812087133526802
1674447,0.26730701327323914,-0.10876347869634628,0.10652786493301392
1674546,-0.05637567862868309,-0.08434031158685684,-0.060394857078790665
1674646,-0.0453798808157444,0.03768770024180412,-0.04399026557803154
1674748,-0.1409478485584259,0.10441417992115021,0.002351510338485241
1674848,0.05369816720485687,-0.0031769732013344765,0.049774061888456345
1674947,-0.0445706844329834,0.12013186514377594,-0.02325763925909996
1675047,-0.04410333186388016,0.03820841386914253,-0.03909267112612724
1675148,0.016208568587899208,0.19466274976730347,0.005298884119838476
1675247,0.1774589866399765,0.13720309734344482,0.06662587821483612
1675348,0.1029888167977333,-0.00010117649799212813,0.059627633541822433
1675448,0.02288668043911457,-0.03406991809606552,-0.04805591702461243
1675548,-0.07715295255184174,0.08569889515638351,0.0063004642724990845
1675648,-0.05053357034921646,-0.003946053795516491,0.05374552682042122
1675748,0.10886279493570328,-0.024045178666710854,0.12457133084535599
1675849,-0.08395399898290634,0.07768405228853226,-0.018294701352715492
1675949,-0.025925617665052414,0.012000280432403088,-0.021419009193778038
1676048,0.007390015758574009,0.030658762902021408,-0.13001801073551178
1676148,0.00996368657797575,-0.030744988471269608,-0.07431978732347488
1676249,0.06325004249811172,0.04790441691875458,0.10137424618005753
1676349,-0.06080867350101471,-0.003367537632584572,-0.004009005147963762
1676449,-0.056628864258527756,-0.06331920623779297,-0.08596563339233398
1676549,0.021350931376218796,-0.05621803179383278,-0.04206933081150055
1676648,-0.02369176596403122,-0.03060716576874256,-0.11988765001296997
1676746,-0.04578481614589691,0.008875822648406029,-0.05533744394779205
1676846,0.03109549544751644,-0.04542993754148483,0.003388509852811694
1676946,-0.018321286886930466,-0.029165245592594147,-0.029101122170686722
1677046,0.020754294469952583,-0.04919678345322609,-0.017491133883595467
1677146,-0.031052224338054657,-0.04487773776054382,-0.13912762701511383
1677246,-0.07539557665586472,0.08577951788902283,-0.14906200766563416
1677346,0.17253798246383667,0.03446543216705322,-0.06840135157108307
1677446,-0.05261959508061409,0.04758597910404205,-0.15047752857208252
1677546,0.07535567134618759,-0.0976760983467102,-0.24548299610614777
1677646,0.04063184931874275,-0.11354480683803558,-0.15825210511684418
1677746,-0.10546815395355225,-0.2842223048210144,-0.1461033821105957
1677846,0.01754479669034481,-0.017162706702947617,0.18676915764808655
1677946,-0.15511928498744965,0.026366330683231354,0.15821275115013123
1678046,-0.11388340592384338,-0.0004021197382826358,-0.022140350192785263
1678146,-0.10487477481365204,-0.06394597887992859,0.0030388764571398497
1678246,-0.21616758406162262,0.58243727684021,-0.06831703335046768
1678346,0.2983078360557556,-0.2277010679244995,0.22959955036640167
1678446,0.19632813334465027,-0.06882306188344955,-0.10035733878612518
1678546,-0.2314712554216385,0.1772300750017166,-0.003648452227935195
1678646,0.04323000833392143,-0.15680697560310364,-0.06422603875398636
1678746,0.1742122620344162,-0.13862593472003937,0.058532923460006714
1678846,0.0069815292954444885,-0.07645054161548615,-0.030485160648822784
1678946,0.051232412457466125,-0.11825908720493317,0.035821110010147095
1679046,0.036321140825748444,-0.08062191307544708,0.07258037477731705
1679146,0.010982837527990341,-0.035993292927742004,0.04819367080926895
1679246,0.04794889688491821,-0.13055844604969025,0.056632623076438904
1679346,0.11639834940433502,-0.03704727813601494,0.046708542853593826
1679446,0.08917726576328278,-0.09322414547204971,0.04686804860830307
1679546,-0.5045202374458313,-0.25209107995033264,0.10093667358160019
1679646,-0.25960683822631836,-0.026494037359952927,0.020691197365522385
1679746,0.005893378984183073,-0.07200611382722855,-0.002468323102220893
1679846,-0.0540229007601738,0.026889847591519356,0.020812099799513817
1679946,0.01100331824272871,-0.08082859218120575,-0.13108251988887787
1680046,-0.39553290605545044,-0.15310047566890717,0.09096793085336685
1680146,-0.0399227999150753,-0.006972042378038168,0.04867545887827873
1680246,-0.0351446270942688,-0.025275785475969315,-0.05065019801259041
1680346,0.2948841452598572,0.28784871101379395,0.11519777774810791
1680446,0.039488162845373154,0.0435551218688488,0.014925728552043438
1680546,0.22624972462654114,0.1826046109199524,-0.07621278613805771
1680646,0.13290494680404663,0.1492510586977005,-0.03916693106293678
1680746,0.33640962839126587,0.32471147179603577,-0.005876865703612566
1680846,0.3112201690673828,0.3014574944972992,0.04934999346733093
1680946,0.1937762051820755,0.1727330982685089,-0.03856653720140457
1681046,-0.10848452150821686,-0.10241606831550598,0.02303210087120533
1681146,-0.15481942892074585,-0.13838811218738556,-0.038212552666664124
1681246,0.07447021454572678,0.06807681173086166,0.009726723656058311
1681346,-0.013788029551506042,-0.02142997644841671,-0.008169063366949558
1681446,-0.006233491003513336,-0.006259171757847071,0.001646611257456243
1681546,0.0012234820751473308,0.0009331448236480355,-0.002023918554186821
1681646,-0.004401348531246185,-0.006957038305699825,-0.0019678929820656776
1681746,0.0027890100609511137,0.0019468138925731182,-0.0013934936141595244
1681846,-0.002612088806927204,-0.0007012899150140584,0.004184388089925051
1681946,-0.004535820335149765,-0.003124055452644825,-0.003399764886125922
1682046,0.014475450851023197,0.011643052101135254,0.0014416134217754006
1682146,-0.005066656041890383,-0.003974878694862127,0.002026753732934594
1682246,0.005568964406847954,0.0003310860483907163,-0.0017928782617673278
1682346,0.0006423979648388922,0.0012884847819805145,-0.0004140721866860986
1682446,0.0023762055207043886,0.005184656009078026,-0.00031368553754873574
1682546,0.004659503232687712,-0.0009932902175933123,-0.0012423947919160128
1682646,-0.0016530943103134632,0.0035054839681833982,0.0033482632134109735
1682746,0.0009109326638281345,0.0035277139395475388,0.0034859497100114822
1682846,0.004277283791452646,0.0051415106281638145,0.0007822382031008601
1682946,-0.004253574181348085,0.0018648181576281786,0.0020699568558484316
1683046,0.0018162892665714025,0.0036965177860111,-0.0007095666951499879
1683146,-0.002402692101895809,-0.0006389135960489511,-0.0009398124529980123
1683246,0.0051961783319711685,0.002452674088999629,0.002538943663239479
1683346,-0.0002499774855095893,0.0005774690071120858,0.0015817286912351847
1683446,0.00022353797976393253,0.005596560891717672,0.002590030198916793
1683546,-0.00337602267973125,0.0006417317199520767,0.0013199507957324386
1683646,-0.0017719112802296877,-0.0008779408526606858,0.003500122344121337
1683746,0.0018787860171869397,0.00307387113571167,-0.0030816178768873215
1683846,0.003409841563552618,0.0007176237995736301,-0.0014446229906752706
1683946,-0.0009763265261426568,-0.0029794778674840927,0.0028090686537325382
1684046,0.0013146057026460767,0.0027643931098282337,-0.0032385506201535463
1684146,-2.8632732210098766e-05,0.002902745734900236,0.0006273369072005153
1684246,0.003827841952443123,-0.0028569260612130165,0.000457411544630304
1684346,0.0020121901761740446,0.0003325316356495023,0.0007544868858531117
1684446,-0.008426901884377003,-0.018772603943943977,-0.0037772387731820345
1684546,-0.001110325800254941,-0.0028412521351128817,-0.01432973612099886
1684646,-0.2621610760688782,-0.25196945667266846,0.0024054294917732477
1684746,0.38188472390174866,0.3655426502227783,0.00028592190938070416
1684846,-0.3474111557006836,-0.3261006474494934,-0.026918601244688034
1684946,-0.4063993990421295,-0.4151797592639923,0.0033200338948518038
1685046,-0.19140005111694336,-0.17268235981464386,0.002433768706396222
1685146,-0.29700323939323425,-0.27079981565475464,-0.09500692039728165
1685246,0.08631221204996109,0.09062935411930084,0.01959717459976673
1685346,0.3086716830730438,0.2887834310531616,0.003760236781090498
1685446,-0.17936338484287262,-0.16653800010681152,0.25585541129112244
1685546,-0.17218872904777527,-0.17626017332077026,-0.2202606350183487
1685646,-0.012648938223719597,-0.025319943204522133,-0.428325355052948
1685746,0.4185904264450073,0.3900689482688904,-0.8818372488021851
1685846,-0.0028959440533071756,-0.04644408077001572,-1.0331611633300781
1685946,0.01505272276699543,0.005743381567299366,-0.33423227071762085
1686046,0.015587988309562206,0.005549567751586437,-0.24526646733283997
1686146,0.015185321681201458,7.67977553550736e-07,-0.2014651745557785
1686246,0.00900276005268097,-0.009943703189492226,-0.23994691669940948
1686346,-0.005443884059786797,-0.009108411148190498,-0.2201531082391739
1686446,-0.0047980546951293945,-0.009492315351963043,-0.05829804390668869
1686546,-0.02642982266843319,-0.009743751026690006,-0.012011056765913963
1686646,-0.3984334170818329,-0.3625164031982422,0.07326043397188187
1686746,-0.1340223252773285,-0.12665949761867523,-0.014556159265339375
1686846,-0.13309742510318756,-0.1361924558877945,-0.001363722374662757
1686946,0.047501929104328156,0.052167754620313644,-0.01413014531135559
1687046,-0.6246851086616516,-0.6224032044410706,-0.04013544321060181
1687146,-0.4338921308517456,-0.4100807309150696,-0.02940833754837513
1687246,-0.15676359832286835,-0.15206225216388702,-0.0037190031725913286
1687346,0.0524892657995224,0.04970207065343857,0.0017799881752580404
1687446,-0.009563112631440163,-0.00945205707103014,-0.001148563576862216
1687546,0.0017918938538059592,0.006126388907432556,0.003472093027085066
1687646,-0.0031644823029637337,-0.01085873693227768,0.002083222847431898
1687746,0.0010181840043514967,-0.0005564802559092641,0.0020607144106179476
1687846,0.0021332218311727047,0.004706649109721184,0.0017347178654745221
1687946,-0.002405454870313406,-0.005070704501122236,-0.005330478306859732
1688046,-0.10578377544879913,-0.10179577767848969,0.19606254994869232
1688146,-0.6492902636528015,-0.734058141708374,0.9358351230621338
1688246,0.38323381543159485,0.14423123002052307,1.5863343477249146
1688346,0.07047995924949646,0.03338225558400154,0.45986515283584595
1688446,-0.04681183770298958,-0.05081586912274361,0.19292716681957245
1688546,0.23596279323101044,0.17220687866210938,0.7264525294303894
1688646,0.24708908796310425,0.21481850743293762,0.9760856628417969
1688746,0.03811211138963699,0.038755178451538086,0.6641274094581604
1688846,0.006773942615836859,0.008845102041959763,0.18517914414405823
1688946,-0.024440905079245567,-0.006334767676889896,0.08068696409463882
1689046,0.016597706824541092,-0.0032028169371187687,0.09448555111885071
1689146,0.01558465976268053,0.002214462962001562,0.11801615357398987
1689246,-0.0011064903810620308,-0.0022194208577275276,0.0161194559186697
1689346,0.0003921935858670622,0.0007800750317983329,-0.013093306683003902
1689446,0.08066746592521667,0.07437355071306229,-0.01382722519338131
1689546,-0.23085671663284302,-0.20926989614963531,-0.02448377199470997
1689646,-0.0027105428744107485,-0.002236079191789031,-0.001955169951543212
1689746,0.0224886666983366,0.023271335288882256,0.0022103209048509598
1689846,-0.009849986992776394,-0.005404811818152666,-0.0030634256545454264
1689946,0.006714902818202972,0.006372713949531317,0.0013306495966389775
1690047,0.002163647674024105,0.00017802980437409133,-0.0022790133953094482
1690146,0.004826204851269722,0.008146621286869049,0.0005981089198030531
1690246,-0.005460536573082209,-0.0021810168400406837,-0.0005336317699402571
1690346,0.0023304708302021027,0.006354506593197584,-0.00023329634859692305
1690447,-0.002489518141373992,-0.004018866922706366,-0.0013735934626311064
1690547,-0.0023903746623545885,-0.006500008516013622,-0.0008456285577267408
1690647,-0.0010547791607677937,0.0037286600563675165,0.0032488128636032343
1690747,-0.0030666531529277563,0.0005455702776089311,0.002565177856013179
1690847,0.0001185371438623406,0.0003797812678385526,0.00047325322520919144
1690948,0.0034348778426647186,0.0026429928839206696,-0.0016085499664768577
1691047,0.0021562506444752216,0.0018729247385635972,0.003304762300103903
1691147,-0.008712432347238064,-0.01137940026819706,-0.0021767213474959135
1691248,0.07158107310533524,0.06677639484405518,0.004818400833755732
1691348,0.07273752987384796,0.0643581822514534,-0.017624635249376297
1691448,-0.006850081030279398,-0.004200997296720743,0.0010192722547799349
1691548,-0.014808611944317818,-0.013392051681876183,0.012593484483659267
1691648,-0.018912414088845253,-0.025868630036711693,0.0771838054060936
1691748,-0.018351444974541664,-0.020225398242473602,0.07075850665569305
1691848,-0.021223410964012146,-0.013463358394801617,0.3910461664199829
1691948,-0.002164282603189349,0.015825141221284866,0.03467626869678497
1692048,-0.0010704899905249476,-0.004591675475239754,0.1329500377178192
1692148,0.00585207948461175,-0.0063835927285254,0.0027594068087637424
1692247,-0.0015076802810654044,0.007885548286139965,-0.006792315747588873
1692348,-0.004977784585207701,0.0017451054882258177,-0.002671835944056511
1692448,0.019898731261491776,-0.009783420711755753,-0.08478056639432907
1692548,0.035971589386463165,-0.03527875989675522,-0.016099439933896065
1692648,-0.006691005080938339,0.0032753068953752518,-0.00214983313344419
1692748,0.005500958766788244,-0.008232139982283115,0.003281990299001336
1692848,-0.0017599439015612006,-0.002573737408965826,-0.0027491161599755287
1692948,0.0015267524868249893,-0.0004873870057053864,0.00035613871295936406
1693048,-0.0010938079794868827,0.0019725037273019552,9.862614388111979e-05
1693148,-0.0014518853276968002,-0.004014771431684494,-0.001547840889543295
1693248,-0.003151277080178261,0.00265835621394217,-0.0010682079009711742
1693346,0.0009319971431978047,0.0016883123898878694,0.0026173267979174852
1693446,-0.0009067438659258187,-0.0015062803868204355,0.0030795906204730272
1693546,0.0018210437847301364,-0.00037928071105852723,0.0018236401956528425
1693646,0.023141007870435715,-0.010014675557613373,-0.08758553862571716
1693746,0.0029222816228866577,0.0029941757675260305,-0.01788073219358921
1693846,-0.012865728698670864,-0.004305473528802395,0.06498640030622482
1693946,-0.0006603514775633812,0.005052289459854364,-0.11390040069818497
1694046,0.00448598200455308,0.0030834944918751717,-0.15980076789855957
1694146,0.07722870260477066,0.07714786380529404,-0.4004592299461365
1694246,0.004629784729331732,0.0017279258463531733,-0.0683593899011612
1694346,0.00452636182308197,-0.004995266906917095,0.00026813248405233026
1694446,0.011425880715250969,-0.004847847856581211,0.010637841187417507
1694546,0.001152673619799316,0.0010134008480235934,-0.0021434007212519646
1694646,0.003388795768842101,-0.0007241995190270245,-0.0046121845953166485
1694746,-0.0023300061002373695,-0.0022978882770985365,-0.0008201205055229366
1694846,0.0033384300768375397,0.0010172934271395206,0.0020215390250086784
1694946,-0.00046296592336148024,-0.0021482512820512056,-0.0011748943943530321
1695046,-0.0037962556816637516,-0.0033369145821779966,-0.0016071685822680593
1695146,0.004057822749018669,0.0020089324098080397,0.001049112412147224
1695246,0.0029463996179401875,0.0014043858973309398,0.0009044508915394545
1695346,-0.00584997097030282,-0.001312979031354189,0.00011932782217627391
1695446,-0.002549579832702875,-0.00016477798635605723,-0.002389509230852127
1695546,0.0006975076976232231,-0.0009619257180020213,0.0010938358027487993
1695646,-0.0018264665268361568,-0.00039398911758325994,-0.00041116782813332975
1695746,0.003132543759420514,0.002253217389807105,0.000135696871438995
1695846,-0.0020503888372331858,-0.002015540609136224,0.0016280782874673605
1695946,0.005314288195222616,0.0014875796623528004,0.0006461880984716117
1696046,-0.00010965490946546197,-0.0002743486547842622,0.0017121619312092662
1696146,-0.00018241256475448608,0.000665923987980932,0.00011438536603236571
1696246,0.0015416981186717749,-0.003646381199359894,-0.0011696108849719167
1696346,0.0009612689027562737,-0.0026511135511100292,-0.0024009826593101025
1696446,0.0006417140830308199,0.004223923198878765,-0.0013701529242098331
1696546,0.0011105270823463798,-0.0006698319339193404,0.002821234054863453
1696646,0.0017659872537478805,0.002133643487468362,0.0010515839094296098
1696746,-0.0014852848835289478,-0.0026726850774139166,0.002228569006547332
1696846,-0.0006036340491846204,-0.00022684979194309562,0.0006113725248724222
1696946,0.0009735030471347272,0.002694112481549382,-0.00020657059212680906
1697046,-0.0019198519876226783,-0.005997098051011562,-0.0009284187108278275
1697146,0.0023302764166146517,-0.008171575143933296,0.0005386618431657553
1697246,-0.0019468552200123668,-0.0033861335832625628,-0.0019648910965770483
1697346,-0.0037346859462559223,-0.001085098134353757,-0.0015683467499911785
1697446,0.0013100607320666313,-0.0008704102947376668,0.0012099291197955608
1697546,-0.0032455322798341513,-0.00486441794782877,-0.002950818045064807
1697646,-0.0004894189187325537,-0.001008606399409473,0.0021750438027083874
1697746,-0.006416800431907177,-0.005612000823020935,0.002809033030644059
1697846,-0.0002596941776573658,-7.875076698837802e-05,-0.0013286526082083583
1697946,-0.0012264068936929107,-0.004086248576641083,0.0013824752531945705
1698046,-0.006954850163310766,-0.004773632623255253,-0.003314157947897911
1698146,0.0033809749875217676,0.0014609146164730191,-9.119855531025678e-05
1698246,-0.00038739360752515495,-0.001202340587042272,-0.0008184619946405292
1698346,0.0009038627613335848,0.0007710492936894298,0.0045277997851371765
1698446,0.0020035288762301207,0.002575585152953863,0.0005506239831447601
1698546,0.0015826862072572112,0.0031551476567983627,-0.0002626508940011263
1698646,-0.0011069461470469832,-0.00354834389872849,-0.000912673189304769
1698746,0.00023856318148318678,0.002013028599321842,-0.0021239856723695993
1698846,-0.00013409245002549142,0.0010622413828969002,-0.0012524273479357362
1698946,0.001144058769568801,0.0023534600622951984,0.0012597644235938787
1699046,0.0011639139847829938,0.0003642151423264295,0.002650931943207979
1699146,0.0028503278736025095,-0.0009539996390230954,0.0003704179835040122
1699246,-0.001976165920495987,-0.0030378797091543674,-0.001055395812727511
1699346,0.001124543254263699,-0.003531681839376688,0.0009344796999357641
1699446,-0.0010720336576923728,0.0007207379676401615,0.0018252748996019363
1699546,0.0027098243590444326,0.0014581062132492661,0.0009773977799341083
1699646,-0.0005482776323333383,-0.0035650788340717554,-0.0013843346387147903
1699746,-7.85241209086962e-05,-0.00469595193862915,0.00131269043777138
1699846,0.0019680100958794355,0.0008287676610052586,0.0012078590225428343
1699946,-0.0006495821289718151,0.002319703344255686,0.001118827029131353
1700046,0.0008884991984814405,-0.0020549525506794453,0.0007836591103114188
1700146,0.0029929657466709614,0.0027318575885146856,-0.001123674213886261
1700246,0.004710469860583544,0.0005898938397876918,0.0013222881825640798
1700346,-0.0004771968233399093,-0.0013206936419010162,-0.0007528546266257763
1700446,0.0024502105079591274,-0.00017912121256813407,0.0021537109278142452
1700546,0.0007085640681907535,0.006568498909473419,-0.001262041856534779
1700646,0.0013074228772893548,-0.0005607483326457441,0.0017668367363512516
1700746,-0.002007334027439356,0.003261691890656948,0.0018315814668312669
1700846,-0.0009632192086428404,-0.00204476248472929,-0.002592928009107709
1700946,0.002108523156493902,0.0035126826260238886,0.0015375390648841858
1701046,-0.005737935192883015,-0.0002877425285987556,0.0023140856064856052
1701146,0.00127501564566046,0.007991890422999859,0.0010479985503479838
1701246,0.0018303256947547197,-0.0015105605125427246,-0.004014802630990744
1701346,0.0009526690701022744,-0.003519525984302163,-0.000744201650377363
1701446,0.0001872177963377908,-0.002936102682724595,-0.00459541380405426
1701546,0.002448866842314601,0.00238849688321352,2.7139925805386156e-05
1701646,-0.002995368093252182,-0.0003311490290798247,0.0032895421609282494
1701746,0.0032843113876879215,0.0030658473260700703,0.0017880095401778817
1701846,0.0018238594057038426,0.00022535515017807484,-0.0009874397655948997
1701946,0.0032095431815832853,-0.000811947335023433,0.0002526267780922353
1702046,-0.002272481331601739,0.000498100882396102,-0.00023459787189494818
1702146,0.0026226204354315996,0.005231800023466349,0.0021481511648744345
1702246,-0.003076746594160795,0.004194267094135284,-0.005925570614635944
1702346,0.001512533868663013,6.241904338821769e-05,0.003322951728478074
1702446,-5.73325487494003e-05,0.0018196013988927007,-0.0017665480263531208
1702546,-0.0008049753378145397,0.0038721223827451468,-0.0002820027293637395
1702646,0.0015294995391741395,0.00602307403460145,-0.0006503275944851339
1702746,-0.0029232448432594538,-0.00018417499086353928,0.0038029325660318136
1702846,0.00176587188616395,0.0011079921387135983,-0.0019393004477024078
1702946,-0.0019180255476385355,-0.0011295934673398733,0.0007993706967681646
1703046,-0.0008353419252671301,-0.0009945566998794675,-0.00015201943460851908
1703146,-0.0008965613087639213,-0.001545518753118813,0.0006054291152395308
1703246,-0.0008615325787104666,-0.00412481976673007,-0.005087369587272406
1703346,0.0029474827460944653,0.0031224393751472235,0.002289561554789543
1703446,0.0018786584259942174,0.0026958147063851357,0.0030441386625170708
1703546,-0.002020964166149497,-0.0035919700749218464,-0.001103122835047543
1703646,-0.0018503183964639902,-0.004998087417334318,0.0012175143929198384
1703746,-0.001892046188004315,0.0006160876364447176,0.0035556440707296133
1703846,-0.003622884163632989,-0.006379656959325075,0.004931003786623478
1703946,-0.002011515898630023,0.004967834334820509,0.00032320283935405314
1704046,0.00758108077570796,0.004466748796403408,-0.0025941466446965933
1704146,0.003982915543019772,0.0038483936805278063,0.0016593440668657422
1704246,0.0023601737339049578,0.00434517627581954,-0.0009027624037116766
1704346,-0.001831362838856876,-0.0017148073529824615,0.0009309263550676405
1704446,0.0029253303073346615,0.0006644089589826763,0.001231243833899498
1704546,-0.0003545679210219532,0.002097900491207838,-0.00048169298679567873
1704646,-0.0012927891220897436,0.0005651647225022316,0.0030039974953979254
1704746,-0.0038417119067162275,-0.0018403219291940331,-0.002894813660532236
1704846,7.036082934064325e-06,-0.0014469133457168937,0.0034735805820673704
1704946,-0.00277475593611598,0.0031739366240799427,-0.002302093431353569
1705046,0.0022820751182734966,0.000531896308530122,0.0001683041627984494
1705146,-0.0005240913014858961,-0.0012912917882204056,0.0008712561102584004
1705246,-0.0006926847854629159,0.0021716165356338024,0.0001372871338389814
1705346,0.0006274100160226226,0.0011512914206832647,0.0008074623183347285
1705446,0.005153713747859001,-0.0018080109730362892,-0.0005710716359317303
1705546,0.0018477838020771742,0.00473020737990737,-0.0005376152694225311
1705646,-0.0012709734728559852,0.001227988745085895,0.0008295383886434138
1705746,0.0023722790647298098,-0.0012468602508306503,0.0033984424080699682
1705846,-0.0014743271749466658,0.0026023369282484055,0.001644797739572823
1705946,-0.0027508505154401064,-9.912994755723048e-06,-0.0022247054148465395
1706046,0.0003340238763485104,-0.0006949436501599848,0.001655953237786889
1706146,-0.0007110557053238153,0.005046861711889505,0.002451688749715686
1706246,0.0015170273836702108,-0.0021492440719157457,-0.00017940669204108417
1706346,-0.002996932715177536,0.00026797258760780096,-0.0024627491366118193
1706446,0.0014146772446110845,0.002238876884803176,0.0013066282263025641
1706546,-0.0009833925869315863,-0.002616667654365301,-0.0023142520803958178
1706646,0.0006755362264811993,0.0013053494039922953,-0.0005766416434198618
1706746,0.0029326712246984243,0.0017957142554223537,-0.0009597892058081925
1706846,0.0012893147068098187,-0.002506442368030548,0.0010537245543673635
1706946,-0.00032192759681493044,-0.004911294672638178,-0.0026362149510532618
1707047,0.0005274142604321241,0.0011513025965541601,-0.00034601183142513037
1707147,-0.005352125037461519,-0.012440952472388744,-0.021326830610632896
1707247,2.420650162093807e-05,-0.0008127911714836955,0.00690515385940671
1707347,0.014950701035559177,0.010958349332213402,0.21289820969104767
1707447,-0.0021224936936050653,0.005110872909426689,0.0050028846599161625
1707547,0.0012119549792259932,-0.0044670929200947285,-0.0008457608637399971
1707647,-0.004930682945996523,-0.0027865527663379908,-0.0047429827973246574
1707747,-0.0006415069801732898,0.003601901000365615,0.0022400878369808197
1707847,-0.008545901626348495,0.0016850264510139823,-0.022667180746793747
1707947,0.0005552102811634541,0.0001909026614157483,0.00022569797874893993
1708048,-0.0006810754421167076,0.0008284436771646142,-0.0003056568675674498
1708148,0.0027661179192364216,0.003211063565686345,-0.0010811911197379231
1708248,0.0003631356521509588,0.0011012890608981252,-0.004051749594509602
1708348,-0.0007081238436512649,-0.0014752408023923635,-0.002036851830780506
1708448,0.0018496311968192458,0.0021880592685192823,-0.0028715638909488916
1708548,0.0009918840369209647,0.002319093095138669,0.001630608574487269
1708648,0.001412382465787232,-0.0014000007649883628,-0.0007622112170793116
1708748,-0.001842382363975048,-0.004785583820194006,0.0015432961517944932
1708848,-0.001657132524996996,0.0025156873743981123,-0.001161182881332934
1708948,-0.025941817089915276,-0.028041807934641838,-0.010283786803483963
1709046,0.13726703822612762,0.12273872643709183,-0.06144220381975174
1709149,0.011951466090977192,0.013809763826429844,-0.03758656606078148
1709249,-0.008886278606951237,-0.004409277345985174,-0.0017517288215458393
1709349,-0.0235807616263628,-0.01981787569820881,-0.10754873603582382
1709448,0.01731284148991108,0.018892841413617134,-0.027651062235236168
1709548,0.01282478403300047,0.011478569358587265,-0.049576710909605026
1709648,0.0329984687268734,-0.006757908035069704,-0.06541259586811066
1709748,0.01306831557303667,0.0005261033657006919,-0.05318634212017059
1709848,-0.02529589831829071,-0.005717129912227392,-0.06250793486833572
1709948,0.024739086627960205,0.0033682629000395536,-0.07037334144115448
1710046,0.020408201962709427,0.01791510544717312,-0.09557851403951645
1710146,-0.054858047515153885,-0.05178255960345268,-0.07237886637449265
1710246,0.03594494238495827,-0.003211691277101636,-0.028241993859410286
1710346,0.011861023493111134,-0.003770689247176051,-0.0736105814576149
1710446,-0.012318434193730354,-0.003510914044454694,-0.08894393593072891
1710546,-0.010801042430102825,-0.007106238976120949,-0.05701069533824921
1710646,-0.03309835493564606,-0.0032271326053887606,-0.0586887001991272
1710746,0.02047022059559822,-0.0011994250817224383,-0.06623326241970062
1710846,-0.06634603440761566,-0.007133232895284891,-0.061708223074674606
1710946,-0.01081879809498787,-0.012126633897423744,-0.0015419377014040947
1711046,-0.018842268735170364,-0.014603662304580212,-0.023642651736736298
1711146,-0.061539020389318466,-0.06102852150797844,-0.06554136425256729
1711246,-0.05558435618877411,-0.05473549664020538,-0.05969890579581261
1711346,0.0005044068093411624,0.001349833095446229,-0.0032941929530352354
1711446,0.006189042702317238,0.005701643880456686,-0.028453735634684563
1711546,-0.02006833627820015,-0.016964411363005638,-0.04216921702027321
1711646,0.10293485969305038,0.10416804999113083,-0.029379699379205704
1711746,-0.043129075318574905,-0.05381700396537781,-0.03131448104977608
1711846,0.00756391417235136,0.0023404324892908335,-0.01214980985969305
1711946,-0.022861944511532784,-0.023276247084140778,0.002448342740535736
1712046,-0.0036991480737924576,-0.004424317739903927,0.0007034545415081084
1712146,-0.023995038121938705,-0.02691016159951687,0.000523867376614362
1712246,0.0023487447760999203,0.003943602088838816,0.00504221860319376
1712346,0.018810465931892395,0.016206946223974228,0.00580653827637434
1712446,-0.013715938664972782,-0.010746487416327,-0.0033603347837924957
1712546,0.018272165209054947,0.020148394629359245,0.0032546985894441605
1712646,-0.018388641998171806,-0.025400031358003616,-0.00472586415708065
1712746,0.015284954570233822,0.009368508122861385,0.004508620593696833
1712846,-0.013071582652628422,-0.012136146426200867,-0.0021532962564378977
1712946,0.007472549565136433,0.0013401485048234463,0.0011934346985071898
1713046,-0.00879683904349804,-0.008672081865370274,-0.003923275973647833
1713146,0.005881758872419596,0.008058066479861736,-0.0010732361115515232
1713246,-0.0048100873827934265,-0.00827370397746563,-0.0009263553656637669
1713346,0.0056382762268185616,0.005163891706615686,-0.0009141095797531307
1713446,0.0016761703882366419,0.0021184764336794615,-0.0013086273102089763
1713546,-0.0020414101891219616,-0.0050270697101950645,-0.00495377229526639
1713646,-0.0024689084384590387,-8.164007886080071e-05,-0.001348699675872922
1713746,0.0020749447867274284,0.002540778601542115,4.2665582441259176e-05
1713846,-0.00036790233571082354,0.0007240911363624036,-0.0014454195043072104
1713946,-0.0007685713935643435,-0.004380229394882917,-0.0030419582035392523
1714046,-0.0008108713664114475,0.0026656612753868103,-0.0015813157660886645
1714146,9.7910116892308e-05,0.0010692770592868328,-6.092309922678396e-05
1714246,0.001141009503044188,-0.003456782316789031,0.0006131239351816475
1714346,0.0026310537941753864,0.0022498928010463715,-0.0031106406822800636
1714446,0.004031802527606487,0.010093833319842815,0.002025775844231248
1714546,0.0009098860900849104,0.0006388067849911749,-0.0027255010791122913
1714646,-0.0009542744955979288,-0.0029383026994764805,-0.0005450483877211809
1714746,0.0016201555263251066,-0.0007903968798927963,0.004442159086465836
1714846,0.0009985242504626513,-0.004320537205785513,-0.0009279100922867656
1714946,0.0002972384972963482,-0.002692542038857937,-0.0018867133185267448
1715046,-0.0007657830719836056,0.0009832052746787667,-0.0013987179845571518
1715146,-0.00011475883366074413,0.003720015985891223,-0.001906228018924594
1715246,-0.0017832512967288494,-0.0011276898439973593,-0.0009914024267345667
1715346,0.0023728925734758377,0.0008548349724151194,-0.0015618570614606142
1715446,-0.0003051907697226852,0.0013316045515239239,-0.0017901500687003136
1715546,0.003385373158380389,0.0034462809562683105,-0.00235668639652431
1715646,0.0020786854438483715,0.005212993826717138,-0.00213739019818604
1715746,-0.00023052502365317196,-0.00014098208339419216,-0.0013411592226475477
1715846,-0.003300534561276436,0.003312051296234131,-0.0012425194727256894
1715946,-0.0017811994766816497,0.0013646417064592242,-0.001427504699677229
1716046,0.0009483632165938616,0.0020470668096095324,-0.0006006318726576865
1716146,0.0001398608583258465,0.0004154506023041904,0.0040669250302016735
1716246,0.003437410807237029,0.009508168324828148,0.0021534564439207315
1716346,-0.0022435204591602087,-0.000808941200375557,-0.0017944405553862453
1716446,-0.0012512183748185635,0.0020486393477767706,-0.001523502985946834
1716546,-0.0011657096911221743,-0.006542365998029709,0.0013774792896583676
1716646,0.0016061511123552918,-0.0012572109699249268,0.0010257612448185682
1716746,-0.00028928613755851984,0.002131257439032197,-0.001572196721099317
1716846,0.00032052575261332095,-0.0012698235223069787,-0.001797912991605699
1716946,0.004051901400089264,0.003186757443472743,0.0025283622089773417
1717046,-0.0014043530682101846,-0.0003128577664028853,0.0010880004847422242
1717146,0.000456121371826157,0.00023428280837833881,0.0001920824433909729
1717246,-0.0033999583683907986,0.00355574325658381,-0.0001211097915074788
1717346,0.0012263493845239282,0.002809033030644059,0.0009736420470289886
1717446,-0.11877497285604477,-0.10644198954105377,0.023655498400330544
1717546,0.06584664434194565,0.0636286735534668,-0.006681258790194988
1717646,-0.053113169968128204,-0.04640775918960571,0.0045994906686246395
1717746,-0.09233596920967102,-0.08481568843126297,-0.01737642101943493
1717846,-0.261728972196579,-0.25416702032089233,0.28048717975616455
1717946,-0.014240715652704239,-0.025138959288597107,-0.006505673751235008
1718046,-0.02882499247789383,-0.02041705511510372,0.32073286175727844
1718146,0.014376453123986721,0.0009123097406700253,0.5072656869888306
1718246,-0.08323570340871811,-0.09550263732671738,0.8678264617919922
1718346,0.0011032483307644725,0.006576034240424633,0.009004197083413601
1718446,0.017054324969649315,0.001753063639625907,0.12115570157766342
1718546,-0.010103355161845684,0.0020916564390063286,0.08881977200508118
1718646,-0.0009425807511433959,0.0019417837029322982,-0.0031052958220243454
1718746,-0.004722145386040211,-0.004768539220094681,-0.002265326213091612
1718846,-0.0035187858156859875,0.005063503980636597,-0.0011850144946947694
1718946,-0.0012088670628145337,0.0059117707423865795,-0.027465736493468285
1719046,0.003621009411290288,-0.003696266794577241,-0.016258426010608673
1719146,0.00011292288399999961,-3.351396298967302e-05,-0.005106705706566572
1719246,0.003795754164457321,-0.002244536066427827,0.0015895761316642165
1719346,0.0015140370232984424,0.0014143824810162187,0.001219437224790454
1719446,-0.0013189780293032527,0.003330955747514963,0.0005389057332649827
1719546,-0.0018951328238472342,-0.0018555063288658857,-0.0007775923586450517
1719646,-0.0020315025467425585,0.002356204902753234,-0.0017672228859737515
1719746,-0.004193791653960943,-0.0008349572890438139,-0.0004295403778087348
1719846,0.00040582651854492724,-0.002859331900253892,0.0003268756263423711
1719946,-0.0004952400340698659,-3.770564217120409e-05,0.0009029684006236494
1720046,-0.0007781073800288141,0.002820343477651477,0.0031547092366963625
1720146,0.0014147910987958312,-0.00012332407641224563,0.0020608631893992424
1720246,0.001364938449114561,-0.004618027247488499,-0.004532565362751484
1720346,-0.00029587451717816293,-0.0007482462096959352,0.0031862189061939716
1720446,0.0021177586168050766,-0.00035741395549848676,0.005323553457856178
1720546,-0.00196604011580348,-0.008813351392745972,-0.019525235518813133
1720646,-0.0001990215532714501,0.0021358320955187082,0.006392284296452999
1720746,-0.0032373385038226843,0.004061334766447544,-0.007799697574228048
1720846,-0.0199188943952322,-0.016803285107016563,-0.15125714242458344
1720946,-0.06331729143857956,-0.03650016710162163,-0.5043565630912781
1721046,-0.060348354279994965,-0.06043703109025955,-0.17519888281822205
1721146,-0.0005296024610288441,-0.00660310173407197,-0.06276611238718033
1721246,0.013128452003002167,0.016422133892774582,-0.07567540556192398
1721346,0.16182707250118256,0.1590929925441742,-0.006036306731402874
1721446,-0.0022786976769566536,-0.0053664823062717915,-0.000385471765184775
1721546,0.007549830246716738,0.002275327919051051,-0.01120106689631939
1721646,-0.0002491592022124678,-0.0023747419472783804,0.007616833318024874
1721746,0.0019333151867613196,-0.004145313054323196,0.00016052869614213705
1721846,0.006023602094501257,0.00197418499737978,0.0031893497798591852
1721946,-0.0021578907035291195,0.0030913897790014744,0.0033300050999969244
1722046,2.7757456336985342e-05,0.00038957427022978663,-0.004481417592614889
1722146,0.00013508812116924673,0.00039798079524189234,-0.0036902078427374363
1722246,0.002447450067847967,0.004379913676530123,0.0038858831394463778
1722346,0.0016470197588205338,0.0018825590377673507,-0.0017262178007513285
1722446,-0.0010327781783416867,-0.0010472459252923727,0.0003610377898439765
1722546,0.0030844653956592083,-0.0011413278989493847,-0.003397784661501646
1722646,-0.0004941756487824023,-0.006998883560299873,-0.0022979420609772205
1722746,0.00047873929725028574,0.0007964857504703104,-0.002365952357649803
1722846,-0.0016459962353110313,-0.002279001986607909,-0.002853567712008953
1722946,0.007082441821694374,0.004794212523847818,6.416024552891031e-05
1723046,0.0004612647171597928,-0.0033153612166643143,-0.0010713024530559778
1723146,-0.003995226696133614,-0.002090239664539695,0.1469580978155136
1723246,0.02667691931128502,0.030388640239834785,-0.21051935851573944
1723346,0.003643922507762909,0.004883387591689825,-0.01205047033727169
1723446,0.02409367263317108,0.02601761929690838,-0.08698251098394394
1723546,0.03220829367637634,0.02704087272286415,-0.20820361375808716
1723646,0.010926207527518272,0.009821919724345207,-0.13285015523433685
1723747,-0.009953835979104042,-0.006495557725429535,-0.002199554583057761
1723847,-0.01110126357525587,-0.013820274733006954,-0.009023964405059814
1723947,-0.0024659428745508194,-0.0032539370004087687,-0.0009171486017294228
1724047,-0.0019488944672048092,-0.00045035037328489125,0.0019098131451755762
1724147,0.004663470201194286,0.0014044593553990126,0.0046199313364923
1724247,0.0004293947131372988,-0.0010378608712926507,-0.002439111704006791
1724347,0.0027779247611761093,0.007551524788141251,0.0028678097296506166
1724447,-0.0017728009261190891,-0.002118876902386546,0.0014368681004270911
1724547,0.0014867625432088971,-0.004949770402163267,0.001545816077850759
1724647,0.0014568178448826075,0.005512923002243042,-0.0008883701520971954
1724747,-0.0015164364594966173,0.006424326449632645,-0.002862547757104039
1724847,0.0024618166498839855,-0.0007812054827809334,-0.0004097771889064461
1724947,0.0012530094245448709,-0.0015949240187183022,0.0001728125789668411
1725047,0.00015111533866729587,0.0049844784662127495,0.001658466411754489
1725148,0.002122006844729185,-0.0013614536728709936,-0.0025878159794956446
1725248,-0.002818533917888999,-0.00491544883698225,-0.0019498791079968214
1725348,0.004031617194414139,0.0029660980217158794,-1.2917756066599395e-05
1725448,-0.004421655088663101,-0.004288840107619762,-0.0006882046582177281
1725548,0.010750014334917068,0.009566746652126312,-0.0005664265481755137
1725648,0.0008125043823383749,0.0034707116428762674,-0.0034148574341088533
1725746,0.004948452580720186,0.00403826916590333,-0.0012610082048922777
1725848,-0.0036355953197926283,-0.003060379531234503,0.001860903692431748
1725948,0.002917435485869646,0.0008972371579147875,-0.0012150846887379885
1726048,-0.0015732388710603118,-0.004398669581860304,-0.000831020821351558
1726148,0.002438686788082123,-0.0003742715052794665,0.0018144425703212619
1726248,0.0002348750422243029,-0.0009695436456240714,-0.00048066762974485755
1726348,-0.001871290267445147,-0.0005281048943288624,0.0009884107857942581
1726448,-0.0037735761143267155,0.0021303468383848667,-0.00018884724704548717
1726548,0.001355813816189766,0.0014898857334628701,0.0007252744399011135
1726646,0.002530230674892664,0.0036638532765209675,0.0022255482617765665
1726746,0.0015342695405706763,0.0016968093113973737,0.002565514761954546
1726846,-0.003311293665319681,-0.0016203834675252438,-0.0038216093089431524
1726946,0.0031354117672890425,0.0007695062085986137,0.002348279347643256
1727046,0.0016012612031772733,0.0022798441350460052,0.0005831854650750756
1727146,-0.0004490613064263016,-0.0016103229718282819,0.005330168642103672
1727246,-0.0026560495607554913,-0.004344190936535597,-0.002121199620887637
1727346,0.003236939664930105,0.0027554826810956,0.002253032522276044
1727446,0.0004238656838424504,0.0031599337235093117,0.0012697511119768023
1727546,0.0028556562028825283,-0.0007432503625750542,0.002430486027151346
1727646,0.0015814743237569928,-0.00366487680003047,-0.004493480548262596
1727746,-0.0007240955019369721,-0.0002942215360235423,0.003999364096671343
1727846,-0.0029099362436681986,-0.005327056627720594,-0.0022476129233837128
1727946,0.0011704327771440148,-0.0014961271081119776,0.001726025715470314
1728046,0.0014877237845212221,0.0007954317261464894,-0.0009293029434047639
1728146,-0.003956119064241648,-0.006298776250332594,-0.00046592028229497373
1728246,0.001350336940959096,-0.004886134061962366,-0.0012444863095879555
1728346,0.0029646335169672966,-0.0038553441409021616,0.0006219403585419059
1728446,0.015722433105111122,0.009251639246940613,0.008602513000369072
1728546,-0.010373804718255997,-0.008445309475064278,-0.0035344704519957304
1728646,-0.21360765397548676,-0.19194649159908295,0.022807380184531212
1728746,-0.1552838236093521,-0.14559993147850037,0.1505982130765915
1728846,0.18473023176193237,0.18062105774879456,0.15335755050182343
1728946,-0.19661547243595123,-0.1781519651412964,0.05157030373811722
1729046,-0.2111600637435913,-0.21230246126651764,0.01990828849375248
1729146,-0.06302076578140259,-0.06214388832449913,0.1927281767129898
1729246,0.007709181401878595,0.011092902161180973,-0.00248054601252079
1729346,0.308663010597229,0.3077072203159332,-0.011641423217952251
1729446,0.01232506800442934,0.014299970120191574,-0.004808587953448296
1729546,0.0026832856237888336,0.004489962477236986,0.0005492812488228083
1729646,0.005330176558345556,0.0026611455250531435,-0.00519985519349575
1729746,-0.0005405840347521007,-0.005608717445284128,-0.0028323133010417223
1729846,-0.0020675628911703825,-8.897802104002039e-07,-0.00013437157031148672
1729946,0.003887106664478779,0.0011714969296008348,-0.0006929232622496784
1730046,-0.004915898200124502,0.0026187512557953596,-0.0009704004041850567
1730146,0.0002645195636432618,-0.0004329307994339615,-0.003055026289075613
1730246,-0.0019782870076596737,-0.0002463026612531394,-0.0008531814673915505
1730346,-0.002074361313134432,-0.007447602692991495,-0.0012160376645624638
1730446,-0.002130818786099553,-0.004287733696401119,0.002934989519417286
1730546,4.128757427679375e-05,0.005889917258173227,0.0006706324056722224
1730646,-0.0016641042893752456,-0.003225578460842371,0.0012527559883892536
1730746,0.0012550847604870796,0.0005285075749270618,-0.0006278133951127529
1730846,-0.0013563064858317375,-0.0014342060312628746,0.002036585472524166
1730946,-0.0013412089319899678,0.005006260704249144,0.0019398614531382918
1731046,-0.0008864987757988274,-0.0023406031541526318,-0.0004744724719785154
1731146,-0.001621111761778593,0.0011979801347479224,-0.001683095353655517
1731246,0.0019240656401962042,0.0022024493664503098,-0.0036628146190196276
1731346,0.0008899918175302446,-0.0024140679743140936,0.0004828251258004457
1731446,0.0024468619376420975,-0.0009667075937613845,-0.00012429288472048938
1731546,7.819413440302014e-05,0.0025956458412110806,3.2796298910398036e-05
1731646,-0.0032600034028291702,-0.001366974669508636,-0.0003295601636637002
1731746,0.00046045059571042657,-0.003341828705742955,0.0017865803092718124
1731846,0.0005766768590547144,-0.0057807001285254955,-0.0008089233306236565
1731946,-0.000474438100354746,0.005392731633037329,-0.0015298551879823208
1732046,-0.003157413098961115,-0.007994018495082855,0.002350196707993746
1732146,0.0018816546071320772,0.0007520954241044819,-0.0016886857338249683
1732246,0.0044240267015993595,0.002394931623712182,-0.024228133261203766
1732346,-0.0031883183401077986,-0.0015064956387504935,-0.004135871306061745
1732446,-0.003134859725832939,0.004830619320273399,-0.0007335336413234472
1732546,-0.0026451272424310446,-0.004576626233756542,0.0034989926498383284
1732646,-0.0017048821318894625,-0.004122801590710878,0.00036972577800042927
1732746,0.00197415379807353,0.004262140952050686,-0.0025189786683768034
1732846,-0.002294535282999277,0.0031590783037245274,0.0036738738417625427
1732946,-0.003904488170519471,-0.01036291103810072,0.00021008317708037794
1733046,-0.000532805803231895,0.0007744786562398076,-0.000859563413541764
1733146,0.0002671841939445585,0.006431786809116602,-0.0013705965830013156
1733246,-0.0014100356493145227,0.0017414416652172804,7.774042751407251e-05
1733346,0.0008918932871893048,-0.0010997033677995205,-0.0006345778820104897
1733446,-0.0008891471079550683,0.0019325397443026304,-0.0023405617102980614
1733546,0.00044582565897144377,5.471722761285491e-05,-0.0038071349263191223
1733646,-0.000715106725692749,0.003455882892012596,-0.0029527065344154835
1733746,0.0007507781847380102,0.001517981174401939,0.0016265588346868753
1733846,0.00033100348082371056,0.005712570622563362,9.910347580444068e-05
1733946,0.0002527149918023497,0.005214070901274681,0.0019561280496418476
1734046,0.003251281101256609,0.0031309090554714203,0.0017741331830620766
1734146,0.002088132780045271,0.0016320969443768263,-0.002251212252303958
1734246,0.0002109350316459313,-0.0035011067520827055,-0.0026900952216237783
1734346,7.07171275280416e-05,0.007467680145055056,0.0008711924310773611
1734446,0.0030731637962162495,0.004453998524695635,0.002992203924804926
1734546,0.002665573265403509,-0.003667716169729829,0.004583272617310286
1734646,-0.0010795836569741368,-0.004243315663188696,-0.0013607664732262492
1734746,0.0019091651774942875,-0.002297152765095234,-0.0014759069308638573
1734846,-0.001663937815465033,0.0019594370387494564,0.0012094741687178612
1734946,0.00021841017587576061,0.004626281559467316,0.004159670323133469
1735046,0.0007592484471388161,0.001977049745619297,-0.0018404338043183088
1735146,-0.0021091632079333067,-0.0027351598255336285,0.0004332659300416708
1735246,0.0008614413090981543,-0.0019324116874486208,0.00021908394410274923
1735346,0.003304712474346161,-0.0005465405411086977,0.000653736584354192
1735446,-0.0007055843598209321,0.0018324521370232105,0.0005815945914946496
1735546,0.0016610071761533618,0.0037021199241280556,-0.0008378586499020457
1735646,0.0010017624590545893,-0.003167681861668825,0.0032463213428854942
1735746,0.00043739209650084376,-0.0014929978642612696,0.00015193043509498239
1735846,-0.0014853248139843345,-0.00016588119615335017,-8.374341268790886e-05
1735946,0.0013209674507379532,-0.004270820412784815,-0.0025486471131443977
1736046,0.00035256295814178884,0.0020124604925513268,0.0016711705829948187
1736146,0.003175875172019005,-0.0037592260632663965,0.001787349465303123
1736246,0.0042398045770823956,0.005345064681023359,-0.003986533731222153
1736346,-0.00035784122883342206,-0.0008198380237445235,-0.002402328886091709
1736446,0.001423526555299759,0.002155695576220751,0.0018344715936109424
1736546,-0.0015569344395771623,-9.638052142690867e-05,-0.002641077386215329
1736646,0.002512549515813589,0.002474771114066243,-0.0005851084715686738
1736746,-0.0013161874376237392,-0.0014537934912368655,-0.0014725691871717572
1736846,-0.0030304521787911654,0.0015417828690260649,0.0004882651555817574
1736946,0.00229589338414371,0.0014124051667749882,0.0012322537368163466
1737046,0.0002029763418249786,0.0009456230909563601,2.8955197194591165e-05
1737146,-0.0006599477492272854,0.0007005605148151517,-0.0006690514273941517
1737246,-0.00015728802827652544,-0.00032595227821730077,0.000591423362493515
1737346,-0.0032570918556302786,0.003957381471991539,-0.0010246578603982925
1737446,-0.0009670599829405546,-0.0001703952148091048,0.0018866810714825988
1737546,0.00017821074288804084,-0.000563817098736763,-0.0009151149424724281
1737646,0.0006525600329041481,-0.002018958330154419,0.0025879391469061375
1737746,-0.001121117384172976,0.0024533485993742943,0.0005173395038582385
1737846,-0.002125236438587308,-0.0031154057942330837,0.0003171773278154433
1737946,0.0013350496301427484,-0.004542593378573656,-0.0007152339676395059
1738046,-0.0022033643908798695,-0.00547801423817873,-0.00300364987924695
1738146,-0.00024360563838854432,-0.005811870098114014,0.0009481408051215112
1738246,-0.0009161580819636583,-0.006477200426161289,-0.0024330790620297194
1738346,0.001994118560105562,0.00310912006534636,-0.00265823258087039
1738446,-0.0009002595325000584,0.0037244062405079603,0.0020200125873088837
1738546,0.0012738131918013096,-0.0038352878764271736,0.000259327789535746
1738646,-0.002357620047405362,-0.003708397503942251,0.0008267532684840262
1738746,-0.0006451745284721255,0.006726517342031002,-0.0009355968795716763
1738846,-0.0003832831571344286,0.0018411896890029311,-0.0008921215776354074
1738946,-0.00026821906794793904,-0.002421641955152154,4.7400204493897036e-05
1739046,0.000861474487464875,0.005488554015755653,0.0014078523963689804
1739146,0.0020855944603681564,-0.0006861315341666341,0.002601456828415394
