Timestamp,logNN.r0,logNN.r1,logNN.r2
1649666,0.0005644370685331523,-0.005228784400969744,-0.0005755569436587393
1649766,0.0006504299817606807,-0.005360449198633432,-0.0006621376378461719
1649866,0.0006283255061134696,-0.0053696525283157825,-0.0006409654160961509
1649966,0.000773005944211036,-0.005358442664146423,-0.000783390540163964
1650066,0.0007975779008120298,-0.005323028191924095,-0.0008079948602244258
1650166,0.0009712092578411102,-0.005348323378711939,-0.0009809497278183699
1650266,0.0009644305100664496,-0.005397690925747156,-0.0009754040511325002
1650366,0.0007918656920082867,-0.005497613921761513,-0.0008028621668927372
1650466,0.0007340133306570351,-0.00541684590280056,-0.0007442494970746338
1650566,0.0007392862462438643,-0.0053064171224832535,-0.0007491011056117713
1650666,0.0007705961470492184,-0.005370382685214281,-0.0007809179951436818
1650766,0.0006781088886782527,-0.005275791510939598,-0.0006886159535497427
1650866,0.0007321753655560315,-0.005453586578369141,-0.0007433411083184183
1650966,0.0007406335789710283,-0.005556055810302496,-0.000752757303416729
1651066,0.0009916429407894611,-0.005437417887151241,-0.0010038218460977077
1651166,0.0009395480738021433,-0.005410449113696814,-0.0009516020654700696
1651266,0.0009185940725728869,-0.005631524138152599,-0.0009312831098213792
1651366,0.0010029689874500036,-0.005594558082520962,-0.001015685498714447
1651466,0.0008363102097064257,-0.005442675203084946,-0.0008492196211591363
1651566,0.0008276791195385158,-0.005599321331828833,-0.0008410468581132591
1651666,0.0007996154599823058,-0.005436422303318977,-0.0008130765636451542
1651766,0.0010120304068550467,-0.005561138037592173,-0.0010247448226436973
1651866,0.0009703057003207505,-0.0054353149607777596,-0.0009829553309828043
1651966,0.0009443556191399693,-0.0054766652174293995,-0.0009569640969857574
1652066,0.0009288006112910807,-0.005409516394138336,-0.0009413478546775877
1652166,0.0008919814717955887,-0.005528604611754417,-0.0009045283659361303
1652266,0.000844192982185632,-0.005583428777754307,-0.0008576764375902712
1652366,0.000839735846966505,-0.005410296842455864,-0.0008531716885045171
1652466,0.000834646460134536,-0.005336266942322254,-0.0008479059324599802
1652566,0.0008383258827961981,-0.005381591618061066,-0.0008517245878465474
1652666,0.0007360086310654879,-0.0052222213707864285,-0.0007497949991375208
1652766,0.0006174222216941416,-0.005377450492233038,-0.0006315110367722809
1652866,0.0005692316917702556,-0.005376401357352734,-0.0005833801114931703
1652966,0.0005738002946600318,-0.005224724765866995,-0.0005877114599570632
1653066,0.0006670202128589153,-0.005232712719589472,-0.0006818934343755245
1653166,0.0006474463734775782,-0.005224779713898897,-0.0006623201770707965
1653266,0.0006353930803015828,-0.005262418650090694,-0.0006497376598417759
1653366,0.0005957448738627136,-0.005125259980559349,-0.0006102469633333385
1653466,0.0006591101409867406,-0.004977933131158352,-0.0006713233888149261
1653566,0.0006094982381910086,-0.004916870500892401,-0.0006215533940121531
1653666,0.0004923277883790433,-0.004913650453090668,-0.0005041225231252611
1653766,0.0006101962644606829,-0.004756843205541372,-0.0006224042735993862
1653866,0.00042434196802787483,-0.004586041904985905,-0.0004359025333542377
1653966,0.00032979020033963025,-0.004673522897064686,-0.00034139814670197666
1654066,0.00032315144198946655,-0.004836831241846085,-0.0003353538631927222
1654166,0.0004925307584926486,-0.004841706249862909,-0.0005044559948146343
1654266,0.0004586303257383406,-0.0049392045475542545,-0.00047080020885914564
1654366,0.000520029803737998,-0.0049951025284826756,-0.000531831057742238
1654466,0.0004463006625883281,-0.004950112197548151,-0.00045743287773802876
1654566,0.00019660023099277169,-0.005011831875890493,-0.00020894168119411916
1654666,0.00023672085080761462,-0.005011817906051874,-0.0002490512852091342
1654766,0.0002475488290656358,-0.00484886160120368,-0.0002599840227048844
1654866,0.0001531009329482913,-0.004940516781061888,-0.00016595577471889555
1654966,0.00014182411541696638,-0.005081251263618469,-0.00015485512267332524
1655066,0.0003331045154482126,-0.005031268112361431,-0.00034669804153963923
1655166,0.00034028285881504416,-0.005029029678553343,-0.00035279523581266403
1655266,0.0003630190039984882,-0.00504404166713357,-0.0003757186350412667
1655366,0.0004526304837781936,-0.005087542347609997,-0.00046541946358047426
1655466,0.0004768273211084306,-0.005122103728353977,-0.0004890580312348902
1655566,0.00044884110684506595,-0.005248086992651224,-0.0004620690306182951
1655666,0.0005180234438739717,-0.005223307758569717,-0.0005310525302775204
1655766,0.0004825390060432255,-0.0052664135582745075,-0.0004966756678186357
1655866,0.0004116212949156761,-0.005127155687659979,-0.00042603665497154
1655966,0.0005244098138064146,-0.00526000838726759,-0.0005386322736740112
1656066,0.0007002091151662171,-0.005323190242052078,-0.0007145738345570862
1656166,0.0006303718546405435,-0.005329994019120932,-0.0006443841848522425
1656266,0.0005409546429291368,-0.005400848109275103,-0.0005559585988521576
1656366,0.0005801375955343246,-0.00534968264400959,-0.0005945401499047875
1656466,0.0006188786937855184,-0.005272100679576397,-0.0006333160563372076
1656566,0.0005449695745483041,-0.005203982349485159,-0.0005587716586887836
1656666,0.0006591494893655181,-0.005298490170389414,-0.0006725186249241233
1656766,0.0007278675911948085,-0.00535673089325428,-0.0007427458185702562
1656866,0.0005917584639973938,-0.005347553174942732,-0.0006055666017346084
1656966,0.0006788779865019023,-0.005445443093776703,-0.0006934933480806649
1657066,0.0005844398983754218,-0.005520885344594717,-0.0005998323322273791
1657166,0.0007404075004160404,-0.0057076155208051205,-0.0007558770012110472
1657266,0.0008880317909643054,-0.005799313075840473,-0.0009034994291141629
1657366,0.0007983433315530419,-0.005775914061814547,-0.0008134354138746858
1657466,0.0008465321152471006,-0.005732058547437191,-0.0008614367689006031
1657566,0.0008215170819312334,-0.005766753572970629,-0.0008359177736565471
1657666,0.000698618998285383,-0.005689402110874653,-0.0007124198018573225
1657766,0.0008228866499848664,-0.0057126921601593494,-0.0008379420614801347
1657866,0.0007964802789501846,-0.005501163192093372,-0.000810842087958008
1657966,0.0009617073810659349,-0.005613944958895445,-0.0009776244405657053
1658066,0.0008125028689391911,-0.005625274498015642,-0.000828191579785198
1658166,0.0007517448393628001,-0.005574212409555912,-0.0007668453035876155
1658266,0.0008467319421470165,-0.005397447384893894,-0.0008620639564469457
1658366,0.0007753926911391318,-0.005457611288875341,-0.0007913638255558908
1658466,0.0009641522192396224,-0.0054867686703801155,-0.0009796213125810027
1658566,0.0010343358153477311,-0.005387425422668457,-0.0010487561812624335
1658666,0.0008222149917855859,-0.005262418650090694,-0.0008367421105504036
1658766,0.0008855403284542263,-0.005233629606664181,-0.0009001156431622803
1658866,0.0007921435171738267,-0.00510901864618063,-0.0008061961270868778
1658966,0.0006197024486027658,-0.005306612234562635,-0.000633362855296582
1659066,0.0006738541997037828,-0.00525566516444087,-0.0006871027289889753
1659166,0.0008064931025728583,-0.005352797918021679,-0.0008194643305614591
1659266,0.0006301167886704206,-0.005445628426969051,-0.0006456497358158231
1659366,0.0007380654569715261,-0.005347681697458029,-0.000753018306568265
1659466,0.0008196918061003089,-0.0053081507794559,-0.0008341214852407575
1659566,0.0007943371310830116,-0.0053190309554338455,-0.0008088528411462903
1659666,0.0006923672626726329,-0.005427974741905928,-0.0007069243001751602
1659766,0.000749449769500643,-0.005455267149955034,-0.0007626403239555657
1659866,0.0009027892956510186,-0.005517230834811926,-0.0009163357317447662
1659966,0.0007602170808240771,-0.00540449982509017,-0.0007746423361822963
1660066,0.0007682950817979872,-0.005270501133054495,-0.000782694376539439
1660166,0.000887763686478138,-0.005257595330476761,-0.0009020458674058318
1660266,0.0009272776078432798,-0.0053983717225492,-0.0009412463987246156
1660367,0.0008672449039295316,-0.005378762725740671,-0.0008809404680505395
1660467,0.000945154286455363,-0.005287789739668369,-0.0009579545003362
1660566,0.0009610109846107662,-0.005272495094686747,-0.0009746082942001522
1660666,0.0009007065673358738,-0.005176670383661985,-0.0009147944510914385
1660767,0.0007208359311334789,-0.005371837876737118,-0.000734671310056001
1660867,0.0006935939891263843,-0.0053802672773599625,-0.0007077195914462209
1660967,0.0006784089491702616,-0.005372663959860802,-0.000691664929036051
1661067,0.0007711054058745503,-0.00536839896813035,-0.0007853417191654444
1661167,0.0006763001438230276,-0.00521277217194438,-0.0006907979259267449
1661267,0.0007784515037201345,-0.005130298435688019,-0.0007931993459351361
1661368,0.0006139982724562287,-0.005100321490317583,-0.0006283670663833618
1661468,0.0007525511900894344,-0.005180491134524345,-0.0007659209077246487
1661568,0.0007508929120376706,-0.005037285387516022,-0.0007632861379534006
1661667,0.000552319223061204,-0.0054125976748764515,-0.0005652639083564281
1661768,0.0005036363145336509,-0.005227999296039343,-0.0005169031210243702
1661868,0.0003087993245571852,-0.0053098006173968315,-0.00032131170155480504
1661968,0.0006556997541338205,-0.005281278397887945,-0.0006671535084024072
1662068,0.0007009010878391564,-0.005481799133121967,-0.0007132852333597839
1662168,0.0008299191831611097,-0.005366210825741291,-0.000841561530251056
1662268,0.0007741202134639025,-0.005374988075345755,-0.0007865256629884243
1662369,0.000760216498747468,-0.005433409474790096,-0.000771684804931283
1662468,0.0007769802468828857,-0.0054291184060275555,-0.0007882487843744457
1662568,0.0006122797494754195,-0.005612741224467754,-0.0006242492236196995
1662668,0.000704329286236316,-0.005604883655905724,-0.0007162826950661838
1662768,0.0005416862550191581,-0.005371213424950838,-0.0005532785435207188
1662868,0.0008407824789173901,-0.0055333999916911125,-0.0008521174895577133
1662968,0.0008399257203564048,-0.005383819807320833,-0.0008518955437466502
1663068,0.0007217387901619077,-0.005319434218108654,-0.0007337842835113406
1663169,0.0008922440465539694,-0.0053887320682406425,-0.0009039180586114526
1663268,0.000811742793302983,-0.0053439391776919365,-0.0008249463862739503
1663366,0.0006298951338976622,-0.005334253888577223,-0.0006419336423277855
1663466,0.0007093081367202103,-0.005476848222315311,-0.0007206472218967974
1663566,0.0009835204109549522,-0.005500502418726683,-0.000994415022432804
1663666,0.0013047477696090937,-0.005447555799037218,-0.0013153506442904472
1663766,0.0010257952380925417,-0.005392284598201513,-0.001036661909893155
1663866,0.0008679039892740548,-0.005293012596666813,-0.0008784138481132686
1663966,0.0008108981419354677,-0.0053215934894979,-0.0008219854207709432
1664066,0.0009950489038601518,-0.005220863502472639,-0.0010057940380647779
1664166,0.0008110940689221025,-0.0050617060624063015,-0.0008224957855418324
1664266,0.0007169549935497344,-0.005240369588136673,-0.0007289962959475815
1664366,0.0008152808295562863,-0.005205082707107067,-0.0008262534392997622
1664466,0.0008197627612389624,-0.005061190575361252,-0.0008301090565510094
1664566,0.0007999641820788383,-0.00527495052665472,-0.0008111260831356049
1664666,0.0008038870291784406,-0.005351549945771694,-0.0008142095757648349
1664766,0.0008259451715275645,-0.005418567452579737,-0.0008368283743038774
1664866,0.0007813104311935604,-0.005336718168109655,-0.0007934242603369057
1664966,0.0006306383875198662,-0.005413427017629147,-0.0006437294068746269
1665066,0.0006482750759460032,-0.005414063110947609,-0.0006613098667003214
1665166,0.0007280665449798107,-0.005198771599680185,-0.000740397721529007
1665266,0.000975358416326344,-0.005206483416259289,-0.000987021834589541
1665366,0.0011259374441578984,-0.005374750588089228,-0.001138656516559422
1665466,0.0012329259188845754,-0.005306413397192955,-0.0012454987736418843
1665566,0.0011265886714681983,-0.005341316573321819,-0.0011402698000892997
1665666,0.0007674613734707236,-0.005517930258065462,-0.0007813877891749144
1665766,0.0009888052009046078,-0.005584632977843285,-0.0010015703737735748
1665866,0.0009730338933877647,-0.0056720878928899765,-0.0009867623448371887
1665966,0.0008935793885029852,-0.0056120227091014385,-0.0009075956768356264
1666066,0.0008404072723351419,-0.005710164550691843,-0.0008545251912437379
1666166,0.000696973642334342,-0.005746693816035986,-0.0007114943582564592
1666266,0.0006889752694405615,-0.0056426082737743855,-0.0007029871339909732
1666366,0.0008386861882172525,-0.005773863289505243,-0.0008522730204276741
1666466,0.0008661614265292883,-0.005847577471286058,-0.0008793629240244627
1666566,0.000821335765067488,-0.005685013253241777,-0.0008341983775608242
1666666,0.0007671319181099534,-0.005715684965252876,-0.0007801654282957315
1666766,0.0007083651726134121,-0.005614947527647018,-0.0007215203368104994
1666866,0.0005459052044898272,-0.005664631258696318,-0.0005588039057329297
1666966,0.0005719818291254342,-0.005655104760080576,-0.0005852413014508784
1667066,0.0006684957770630717,-0.005741406232118607,-0.0006815418601036072
1667166,0.0006761366967111826,-0.005864438600838184,-0.0006899641593918204
1667266,0.0007535216282121837,-0.005672055296599865,-0.0007670203340239823
1667366,0.0007731111254543066,-0.005489957518875599,-0.0007850485853850842
1667466,0.0007573473267257214,-0.005422959104180336,-0.0007697746623307467
1667566,0.0006309915916062891,-0.00553894741460681,-0.0006430962239392102
1667666,0.0006204665987752378,-0.005523843225091696,-0.00063245341880247
1667766,0.0005170766380615532,-0.005816600285470486,-0.0005300167831592262
1667866,0.00042740770732052624,-0.005648951977491379,-0.00044034988968633115
1667966,0.0004203211865387857,-0.005520140286535025,-0.0004330903757363558
1668066,0.0005117752007208765,-0.005486231297254562,-0.0005239244201220572
1668166,0.00039171986281871796,-0.005422243848443031,-0.00040271790931001306
1668266,0.00032795939478091896,-0.005509169306606054,-0.0003408715419936925
1668366,0.0005031608161516488,-0.00531788170337677,-0.0005130323697812855
1668466,0.00037875797715969384,-0.005248718429356813,-0.00038766892976127565
1668566,0.00048691153642721474,-0.005331613589078188,-0.000495856162160635
1668666,0.0006054933764971793,-0.005362743977457285,-0.0006143554928712547
1668766,0.0003626756079029292,-0.0052352892234921455,-0.00037195676122792065
1668866,0.0003371635975781828,-0.005107120145112276,-0.0003471648378763348
1668966,0.0005001945537514985,-0.005259036086499691,-0.0005100055714137852
1669066,0.0005320854252204299,-0.005347068887203932,-0.0005430340534076095
1669166,0.0007314867689274251,-0.005336587317287922,-0.000741956231649965
1669266,0.0005352082662284374,-0.005731580778956413,-0.0005477187223732471
1669366,0.00046195145114324987,-0.005289784166961908,-0.0004727630002889782
1669466,0.0005880068056285381,-0.005213516764342785,-0.0005986610194668174
1669566,0.0006639240891672671,-0.00510901166126132,-0.0006743086851201952
1669666,0.0007638491224497557,-0.004992175847291946,-0.0007740355795249343
1669766,0.0007440453046001494,-0.005039236508309841,-0.0007538447971455753
1669866,0.0007887749234214425,-0.005047526676207781,-0.00079870515037328
1669966,0.0006616130121983588,-0.005067158956080675,-0.000672201334964484
1670066,0.0007223996799439192,-0.004985561594367027,-0.000733301742002368
1670166,0.0007123154937289655,-0.004944441840052605,-0.0007227500318549573
1670266,0.0005369617720134556,-0.004909070674329996,-0.000547467905562371
1670366,0.0005258542951196432,-0.0047722323797643185,-0.0005358888301998377
1670466,0.000722161028534174,-0.00465195020660758,-0.0007325862534344196
1670566,0.0007272249786183238,-0.0050892955623567104,-0.0007391306571662426
1670666,0.0006285677081905305,-0.005053448025137186,-0.0006399150588549674
1670766,0.000736130983568728,-0.00514044426381588,-0.0007470166310667992
1670866,0.0009116712608374655,-0.0050824470818042755,-0.0009219541097991168
1670966,0.0009392209467478096,-0.005021997727453709,-0.0009501700405962765
1671066,0.0006884023896418512,-0.004866760689765215,-0.0006992973503656685
1671166,0.000637300603557378,-0.005054736975580454,-0.0006487130303867161
1671266,0.0005962092545814812,-0.005097981542348862,-0.0006081859464757144
1671366,0.0006010655197314918,-0.0051005748100578785,-0.0006121994811110198
1671466,0.00044331824756227434,-0.005307476036250591,-0.00045563330058939755
1671566,0.00045575559488497674,-0.005322769284248352,-0.00046956961159594357
1671666,0.0005029586609452963,-0.005492994096130133,-0.0005161685403436422
1671766,0.000448688049800694,-0.0054226829670369625,-0.00046135083539411426
1671866,0.0006775094661861658,-0.005405675154179335,-0.0006894400576129556
1671966,0.0007953906897455454,-0.005336675327271223,-0.00080719287507236
1672066,0.0006640299106948078,-0.005221766419708729,-0.0006768195307813585
1672166,0.0005649392260238528,-0.005158900283277035,-0.0005780953215435147
1672266,0.00043515561264939606,-0.0051741693168878555,-0.000447245518444106
1672366,0.00044249306665733457,-0.005269999150186777,-0.0004549239529296756
1672466,-0.02214215323328972,-0.007801450323313475,0.022105757147073746
1672566,-0.030592776834964752,-0.006861558184027672,0.030560284852981567
1672666,-0.03487616777420044,-0.005117559339851141,0.03486312925815582
1672766,0.01903459243476391,-0.007043635938316584,-0.019064048305153847
1672866,-0.012948093004524708,-0.08017688989639282,0.012108142487704754
1672966,-0.027282005175948143,-0.021327711641788483,0.02703639678657055
1673066,-0.030244644731283188,-0.016710501164197922,0.029667314141988754
1673166,0.010721990838646889,-0.0419452041387558,-0.011064672842621803
1673266,-0.005791595205664635,-0.06539063155651093,0.0059982966631650925
1673366,-0.005561523605138063,-0.08822654187679291,0.0051654730923473835
1673466,-0.008907755836844444,-0.0935884639620781,0.009354067966341972
1673566,-0.02487233653664589,-0.11067800968885422,0.025038041174411774
1673666,-0.04012846574187279,-0.07297418266534805,0.040188465267419815
1673766,-0.04545632004737854,-0.03629399463534355,0.04538670927286148
1673866,-0.038896869868040085,-0.011025333777070045,0.03882623836398125
1673966,-0.03869365155696869,0.004120315425097942,0.03876355290412903
1674066,-0.036774780601263046,-0.004261870868504047,0.036607977002859116
1674166,-0.04480705037713051,0.01128818467259407,0.045255888253450394
1674266,-0.050587378442287445,0.031769461929798126,0.05247601866722107
1674366,-0.037464309483766556,0.03412117063999176,0.0398479588329792
1674466,-0.038571231067180634,0.03171311318874359,0.041011251509189606
1674566,-0.0413249246776104,0.022989461198449135,0.04310227558016777
1674666,-0.031305648386478424,0.017902394756674767,0.0327802374958992
1674766,-0.031102217733860016,0.02072962559759617,0.03277672082185745
1674866,-0.03533387556672096,0.023245256394147873,0.037224818021059036
1674966,-0.035606756806373596,0.029410647228360176,0.037901297211647034
1675066,-0.03923900052905083,0.03511080518364906,0.04196842387318611
1675166,-0.03549062833189964,0.042205970734357834,0.03902391716837883
1675266,-0.034526485949754715,0.06061285734176636,0.039906810969114304
1675366,-0.02927357703447342,0.06894857436418533,0.03567966818809509
1675466,-0.027324054390192032,0.07986168563365936,0.03476449102163315
1675566,-0.031478479504585266,0.08942105621099472,0.039475277066230774
1675666,-0.035981666296720505,0.0894216001033783,0.04371406510472298
1675766,-0.041844796389341354,0.08776930719614029,0.04972977563738823
1675866,-0.04215391352772713,0.0917799323797226,0.05036676302552223
1675966,-0.0407421812415123,0.09261623024940491,0.049162283539772034
1676066,-0.03760882467031479,0.10027826577425003,0.04688936471939087
1676166,-0.0301071684807539,0.09757769852876663,0.03945542871952057
1676266,-0.027422823011875153,0.09276391565799713,0.03642944246530533
1676366,-0.0239628367125988,0.08857757598161697,0.03248804807662964
1676466,-0.022950448095798492,0.08506327867507935,0.031015045940876007
1676566,-0.016076087951660156,0.08173784613609314,0.023695725947618484
1676666,-0.011494140140712261,0.0791473239660263,0.018870465457439423
1676766,-0.007790305186063051,0.07494982331991196,0.01467179600149393
1676866,-0.005330426152795553,0.06955030560493469,0.011737018823623657
1676966,-0.0013272362994030118,0.06777481734752655,0.007348081097006798
1677066,0.0030031059868633747,0.06558925658464432,0.002750749234110117
1677166,0.01358077209442854,0.06206439435482025,-0.008134582079946995
1677266,0.030513685196638107,0.06436122208833694,-0.025080665946006775
1677367,0.048857782036066055,0.06562899053096771,-0.04323824867606163
1677467,0.06872328370809555,0.07381919026374817,-0.06255119293928146
1677567,0.08758866786956787,0.06826958805322647,-0.08156712353229523
1677667,0.10075469315052032,0.0611586719751358,-0.09504632651805878
1677767,0.11016494780778885,0.0446334034204483,-0.10631737858057022
1677867,0.11229676753282547,0.032978955656290054,-0.10974068194627762
1677967,0.10796604305505753,0.02864908054471016,-0.10610411316156387
1678068,0.10084394365549088,0.028185637667775154,-0.09927519410848618
1678168,0.09174318611621857,0.03507039695978165,-0.09016160666942596
1678268,0.08644832670688629,0.06233954057097435,-0.08430056273937225
1678368,0.07627774775028229,0.061139173805713654,-0.07372523844242096
1678468,0.07624787837266922,0.06440919637680054,-0.07310376316308975
1678568,0.07982976734638214,0.06727147847414017,-0.07688812911510468
1678668,0.07714635878801346,0.06542527675628662,-0.07379899173974991
1678768,0.08090014010667801,0.059469711035490036,-0.07738702744245529
1678868,0.0842844769358635,0.05371261015534401,-0.08089301735162735
1678968,0.07570382952690125,0.04965302720665932,-0.0724000483751297
1679066,0.07420878112316132,0.045805033296346664,-0.07139401137828827
1679166,0.07257424294948578,0.04209795594215393,-0.0700162947177887
1679266,0.0726441740989685,0.03727024421095848,-0.07037948071956635
1679366,0.07117380946874619,0.03562295436859131,-0.06895508617162704
1679466,0.07193916290998459,0.02997065708041191,-0.06995297223329544
1679566,0.06804043799638748,0.03097296878695488,-0.06628761440515518
1679666,0.07386760413646698,0.03821253404021263,-0.07168449461460114
1679766,0.06785651296377182,0.03985769301652908,-0.06537359207868576
1679866,0.06629736721515656,0.03656700626015663,-0.06415523588657379
1679966,0.06869038194417953,0.03458700701594353,-0.06691212207078934
1680066,0.07898411154747009,0.013601324521005154,-0.07867459952831268
1680166,0.07486417889595032,0.0007446174859069288,-0.07484768331050873
1680266,0.07099513709545135,-0.0007187859155237675,-0.07099877297878265
1680366,0.07004611194133759,-0.017720714211463928,-0.0698222666978836
1680466,0.06825267523527145,-0.02398541197180748,-0.06782058626413345
1680566,0.07089605182409286,-0.011210784316062927,-0.07088907808065414
1680666,0.07413499802350998,-0.008694726973772049,-0.07415588945150375
1680766,0.0731687843799591,-0.013487813994288445,-0.0731232762336731
1680866,0.07324633747339249,-0.011297434568405151,-0.07324310392141342
1680966,0.07266225665807724,-0.01116606779396534,-0.07265902310609818
1681066,0.07217840105295181,-0.013839946128427982,-0.07212936133146286
1681166,0.07201194018125534,-0.014740643091499805,-0.07194190472364426
1681266,0.07120107114315033,-0.012658314779400826,-0.07117035984992981
1681366,0.07110420614480972,-0.013420939445495605,-0.07106051594018936
1681466,0.07098748534917831,-0.013000166043639183,-0.07094549387693405
1681566,0.07101264595985413,-0.01277603954076767,-0.07096968591213226
1681666,0.07057424634695053,-0.012728107161819935,-0.07053091377019882
1681766,0.07066278159618378,-0.012329335324466228,-0.07062283158302307
1681866,0.07088138908147812,-0.012427296489477158,-0.0708397850394249
1681966,0.07099379599094391,-0.012200962752103806,-0.07095296680927277
1682066,0.07102683186531067,-0.01207998301833868,-0.07098570466041565
1682166,0.07060632854700089,-0.012021630071103573,-0.07056345790624619
1682266,0.0705469474196434,-0.011890982277691364,-0.07050514966249466
1682366,0.07080520689487457,-0.011745653115212917,-0.07076242566108704
1682466,0.07085548341274261,-0.011791865341365337,-0.0708160549402237
1682566,0.07080602645874023,-0.011944088153541088,-0.07076457142829895
1682666,0.0706934854388237,-0.011851674877107143,-0.07065395265817642
1682766,0.07039916515350342,-0.011777060106396675,-0.0703587532043457
1682866,0.070468008518219,-0.011634647846221924,-0.07042799890041351
1682966,0.07068311423063278,-0.011554529890418053,-0.07064416259527206
1683066,0.07055991142988205,-0.011457142420113087,-0.07052188366651535
1683166,0.07040950655937195,-0.011647137813270092,-0.07037043571472168
1683266,0.07020068913698196,-0.011719913221895695,-0.07016400247812271
1683366,0.07030536234378815,-0.01142096146941185,-0.07026883959770203
1683466,0.07029706984758377,-0.011284297332167625,-0.0702606663107872
1683566,0.07008613646030426,-0.011339214630424976,-0.07005339860916138
1683666,0.07022666931152344,-0.011291278526186943,-0.07018940150737762
1683766,0.07037564367055893,-0.011260985396802425,-0.07033885270357132
1683866,0.0704420655965805,-0.011300163343548775,-0.07040625810623169
1683966,0.07040686160326004,-0.011417298577725887,-0.07037273794412613
1684066,0.0703658014535904,-0.011208503507077694,-0.07033172249794006
1684166,0.07032843679189682,-0.011396056041121483,-0.07029426842927933
1684266,0.07059737294912338,-0.011278829537332058,-0.07056110352277756
1684366,0.07074226438999176,-0.01143273338675499,-0.07070569694042206
1684466,0.07083458453416824,-0.01178602036088705,-0.07079345732927322
1684566,0.07101713120937347,-0.034079208970069885,-0.06998361647129059
1684666,0.07018136978149414,-0.004275644198060036,-0.0702042281627655
1684766,0.07059105485677719,-0.019064972177147865,-0.0703558400273323
1684866,0.07051825523376465,-0.022360142320394516,-0.07016253471374512
1684966,0.06988991051912308,-0.01233698520809412,-0.06984160095453262
1685066,0.06987357139587402,-0.011153845116496086,-0.06984591484069824
1685166,0.0699448361992836,-0.013177486136555672,-0.06987274438142776
1685266,0.08339497447013855,-0.010159844532608986,-0.08337540924549103
1685366,0.07137454301118851,-0.008244173601269722,-0.07137355953454971
1685466,0.061292730271816254,-0.017039624974131584,-0.06112019717693329
1685566,0.0752238929271698,-0.013659418560564518,-0.07515394687652588
1685666,0.09679946303367615,-0.007869989611208439,-0.09682026505470276
1685766,0.16578316688537598,0.0028399191796779633,-0.16570010781288147
1685866,0.2832598388195038,0.00018000579439103603,-0.28318551182746887
1685966,0.33988264203071594,-0.0015336612705141306,-0.33982786536216736
1686066,0.35737335681915283,-0.0019015860743820667,-0.35732316970825195
1686166,0.3796878755092621,-0.0026850008871406317,-0.37964311242103577
1686266,0.39934179186820984,-0.003577794414013624,-0.39930805563926697
1686366,0.42186182737350464,-0.0038753366097807884,-0.42182332277297974
1686466,0.43076297640800476,-0.004302780143916607,-0.43073728680610657
1686566,0.43628332018852234,-0.004560849629342556,-0.43626949191093445
1686666,0.4341450035572052,-0.016110368072986603,-0.4339963495731354
1686766,0.4292120039463043,-0.022451944649219513,-0.42852380871772766
1686866,0.42940571904182434,-0.008703953586518764,-0.429483026266098
1686966,0.4286782443523407,-0.026032714173197746,-0.4275951087474823
1687066,0.42884334921836853,-0.018287939950823784,-0.42860355973243713
1687166,0.42839300632476807,-0.015956606715917587,-0.4282868504524231
1687266,0.42756497859954834,-0.01464248076081276,-0.42752504348754883
1687366,0.4273483455181122,-0.014379724860191345,-0.4273129999637604
1687466,0.4270715117454529,-0.014444905333220959,-0.4270344376564026
1687566,0.4269266724586487,-0.014500947669148445,-0.42688268423080444
1687666,0.42704084515571594,-0.014465156011283398,-0.42699840664863586
1687766,0.4269421696662903,-0.01465980801731348,-0.42689359188079834
1687866,0.4270675480365753,-0.014444834552705288,-0.42701902985572815
1687966,0.42710161209106445,-0.014220050536096096,-0.4270549416542053
1688066,0.4152435064315796,-0.017429234459996223,-0.41501790285110474
1688166,0.35658130049705505,-0.05102649703621864,-0.3512629568576813
1688266,0.23623231053352356,-0.06685507297515869,-0.22956189513206482
1688366,0.1232764795422554,-0.045122239738702774,-0.12127911299467087
1688466,0.10221092402935028,-0.054614853113889694,-0.09923401474952698
1688566,0.05455059930682182,-0.047235216945409775,-0.05261079594492912
1688666,-0.039354704320430756,-0.021613426506519318,0.03957075625658035
1688766,-0.12905052304267883,-0.009687854908406734,0.12905043363571167
1688866,-0.151731476187706,-0.0015166751109063625,0.15172071754932404
1688966,-0.168563112616539,-0.010731521993875504,0.16860060393810272
1689066,-0.17304584383964539,-0.009981083683669567,0.17306724190711975
1689166,-0.1794370859861374,-0.009481772780418396,0.1794501096010208
1689266,-0.1800975501537323,-0.009163896553218365,0.18011531233787537
1689366,-0.17899435758590698,-0.00920158252120018,0.1790173351764679
1689466,-0.1693735122680664,0.004523696377873421,0.16940903663635254
1689566,-0.16673362255096436,-0.007084352895617485,0.16673687100410461
1689666,-0.166677787899971,-0.006838919594883919,0.16667939722537994
1689766,-0.16601744294166565,-0.006630533374845982,0.16601908206939697
1689866,-0.1659785509109497,-0.00717720203101635,0.16598248481750488
1689966,-0.16579875349998474,-0.007240695878863335,0.16580256819725037
1690066,-0.16568204760551453,-0.007446566130965948,0.16568732261657715
1690166,-0.1656898707151413,-0.007664838340133429,0.1656958907842636
1690266,-0.16581562161445618,-0.00785793550312519,0.16582229733467102
1690366,-0.1659265011548996,-0.008025388233363628,0.16593371331691742
1690466,-0.16626720130443573,-0.00824077520519495,0.1662735790014267
1690566,-0.16626416146755219,-0.008687492460012436,0.16627202928066254
1690666,-0.16616062819957733,-0.008696204982697964,0.16616876423358917
1690766,-0.16582052409648895,-0.009017964825034142,0.1658296138048172
1690866,-0.1658293902873993,-0.00914007518440485,0.16583749651908875
1690966,-0.16560204327106476,-0.008850733749568462,0.16560937464237213
1691066,-0.1656251847743988,-0.009024358354508877,0.16563227772712708
1691166,-0.16593965888023376,-0.009399816393852234,0.165948748588562
1691266,-0.16563577950000763,-0.0074544865638017654,0.1656290739774704
1691366,-0.16589723527431488,-0.008826464414596558,0.16589872539043427
1691466,-0.16600282490253448,-0.009806533344089985,0.16601164638996124
1691566,-0.16684800386428833,-0.008663550019264221,0.16684585809707642
1691666,-0.17551355063915253,-0.00925169326364994,0.17551733553409576
1691766,-0.17990557849407196,-0.010379608720541,0.1799253672361374
1691866,-0.20126967132091522,-0.012080231681466103,0.20131264626979828
1691966,-0.21458390355110168,-0.011931085027754307,0.21462932229042053
1692066,-0.2193986177444458,-0.01203547790646553,0.21944400668144226
1692166,-0.22146427631378174,-0.012159646488726139,0.22150945663452148
1692266,-0.22114114463329315,-0.012210432440042496,0.22118456661701202
1692366,-0.22044320404529572,-0.012421022169291973,0.22048620879650116
1692466,-0.217091366648674,-0.012228378094732761,0.21713031828403473
1692566,-0.21667030453681946,-0.012584139592945576,0.21670401096343994
1692666,-0.21643561124801636,-0.012426625937223434,0.2164686620235443
1692766,-0.21642494201660156,-0.012256321497261524,0.2164587676525116
1692866,-0.2167874276638031,-0.012294289655983448,0.21682050824165344
1692966,-0.21658630669116974,-0.012354356236755848,0.21662075817584991
1693066,-0.21637819707393646,-0.01225272472947836,0.21641011536121368
1693166,-0.21656730771064758,-0.012155245989561081,0.21660026907920837
1693266,-0.21654832363128662,-0.01215282641351223,0.21658089756965637
1693366,-0.21615128219127655,-0.011855547316372395,0.21618087589740753
1693466,-0.21620865166187286,-0.011901071295142174,0.21623994410037994
1693566,-0.2160201221704483,-0.011944624595344067,0.2160530537366867
1693666,-0.21292981505393982,-0.011499096639454365,0.21296092867851257
1693767,-0.20864245295524597,-0.011071356013417244,0.20867088437080383
1693867,-0.21122267842292786,-0.010848312638700008,0.21125033497810364
1693967,-0.20786917209625244,-0.01080868486315012,0.20789968967437744
1694067,-0.19750112295150757,-0.010932729579508305,0.19752880930900574
1694166,-0.1743418574333191,-0.008747830055654049,0.17434850335121155
1694267,-0.1611039638519287,-0.00808060821145773,0.16110479831695557
1694367,-0.16068166494369507,-0.008511053398251534,0.16068223118782043
1694467,-0.16136455535888672,-0.008567426353693008,0.16136595606803894
1694567,-0.16174723207950592,-0.00853289756923914,0.16175003349781036
1694667,-0.16173622012138367,-0.008541001938283443,0.1617394983768463
1694768,-0.16191016137599945,-0.008453164249658585,0.1619141548871994
1694868,-0.1617572009563446,-0.008691479451954365,0.1617630422115326
1694968,-0.1618487685918808,-0.008869537152349949,0.16185341775417328
1695068,-0.16185469925403595,-0.0089313555508852,0.16186000406742096
1695168,-0.16203705966472626,-0.008939779363572598,0.1620423048734665
1695268,-0.16186010837554932,-0.008927118964493275,0.16186454892158508
1695368,-0.16197343170642853,-0.008954801596701145,0.16197656095027924
1695468,-0.16238507628440857,-0.00899258442223072,0.16238999366760254
1695568,-0.1623109132051468,-0.00910382904112339,0.16231600940227509
1695668,-0.1624078005552292,-0.009333392605185509,0.16241301596164703
1695768,-0.1625158041715622,-0.00938001461327076,0.1625192016363144
1695868,-0.16260376572608948,-0.009319860488176346,0.16260647773742676
1695969,-0.16232511401176453,-0.009425630792975426,0.16232764720916748
1696066,-0.16243116557598114,-0.009285066276788712,0.16243107616901398
1696166,-0.16258375346660614,-0.009267906658351421,0.1625833362340927
1696266,-0.1624036729335785,-0.009367972612380981,0.1624056100845337
1696366,-0.16252684593200684,-0.009342094883322716,0.1625290811061859
1696469,-0.16229188442230225,-0.009440179914236069,0.16229408979415894
1696569,-0.1625097543001175,-0.009381690993905067,0.1625097244977951
1696669,-0.16243891417980194,-0.00959214847534895,0.1624409705400467
1696766,-0.16213774681091309,-0.00932090263813734,0.1621401309967041
1696866,-0.16201606392860413,-0.009483963251113892,0.16201788187026978
1696966,-0.16214296221733093,-0.009569070301949978,0.16214445233345032
1697066,-0.1621381938457489,-0.00978793203830719,0.16214054822921753
1697166,-0.16231603920459747,-0.009674330241978168,0.16231678426265717
1697266,-0.16235023736953735,-0.009793533943593502,0.16235119104385376
1697366,-0.16229651868343353,-0.009733402170240879,0.16229639947414398
1697466,-0.16252677142620087,-0.009748745709657669,0.1625262349843979
1697566,-0.16242457926273346,-0.009431463666260242,0.16242073476314545
1697666,-0.1627093255519867,-0.009447877295315266,0.1627075970172882
1697766,-0.16271138191223145,-0.00936728436499834,0.16270917654037476
1697866,-0.16296809911727905,-0.009237293154001236,0.1629638969898224
1697966,-0.16321250796318054,-0.00931145716458559,0.1632116436958313
1698066,-0.163181871175766,-0.009485596790909767,0.16318181157112122
1698166,-0.1631755381822586,-0.009508582763373852,0.16317467391490936
1698266,-0.16311530768871307,-0.009505351074039936,0.1631147414445877
1698366,-0.16295196115970612,-0.009354370646178722,0.16295288503170013
1698466,-0.16291691362857819,-0.009401755407452583,0.16291730105876923
1698566,-0.16268321871757507,-0.009424217976629734,0.1626843512058258
1698666,-0.16270296275615692,-0.009520531632006168,0.16270510852336884
1698766,-0.16251370310783386,-0.00952248927205801,0.16251623630523682
1698866,-0.1624169498682022,-0.009557577781379223,0.16241969168186188
1698966,-0.16245122253894806,-0.009476153180003166,0.1624532788991928
1699066,-0.16232317686080933,-0.009589905850589275,0.1623261570930481
1699166,-0.16231264173984528,-0.00960997212678194,0.1623140424489975
1699266,-0.16209959983825684,-0.00940769910812378,0.1620998978614807
1699366,-0.16235114634037018,-0.009409405291080475,0.16235001385211945
1699466,-0.16223658621311188,-0.009583832696080208,0.16223718225955963
1699566,-0.1621546745300293,-0.00954805314540863,0.16215482354164124
1699666,-0.1620500087738037,-0.009496688842773438,0.162049800157547
1699766,-0.16193127632141113,-0.009504333138465881,0.16192999482154846
1699866,-0.16195346415042877,-0.009533124975860119,0.1619541198015213
1699966,-0.1619575023651123,-0.0093349888920784,0.16195669770240784
1700066,-0.16207395493984222,-0.00919408816844225,0.16207148134708405
1700166,-0.16216683387756348,-0.009375622496008873,0.16216498613357544
1700266,-0.16241788864135742,-0.009297261945903301,0.16241568326950073
1700366,-0.16239328682422638,-0.009153002873063087,0.16239102184772491
1700466,-0.1623612940311432,-0.009087234735488892,0.16236001253128052
1700566,-0.1622810661792755,-0.00905401911586523,0.16227984428405762
1700666,-0.16216567158699036,-0.009119517169892788,0.1621624231338501
1700766,-0.16237327456474304,-0.00892219040542841,0.16237226128578186
1700866,-0.16238871216773987,-0.009073506109416485,0.16238564252853394
1700966,-0.16234874725341797,-0.00923844799399376,0.16234833002090454
1701066,-0.16218367218971252,-0.0093773752450943,0.16218417882919312
1701166,-0.1622687429189682,-0.009389263577759266,0.16227005422115326
1701266,-0.16240446269512177,-0.00938233733177185,0.16240431368350983
1701366,-0.16244745254516602,-0.009320150129497051,0.1624457836151123
1701466,-0.16231532394886017,-0.00928664393723011,0.1623140424489975
1701566,-0.16225098073482513,-0.009501314722001553,0.1622503250837326
1701666,-0.16245700418949127,-0.009536471217870712,0.16245727241039276
1701766,-0.16246354579925537,-0.009672165848314762,0.16246271133422852
1701866,-0.16254346072673798,-0.009708770550787449,0.16254399716854095
1701966,-0.16262401640415192,-0.009703592397272587,0.1626230925321579
1702066,-0.16259238123893738,-0.009798088110983372,0.16258826851844788
1702166,-0.16251686215400696,-0.009794404730200768,0.162515789270401
1702266,-0.1626225709915161,-0.009938430972397327,0.16262295842170715
1702366,-0.16265769302845,-0.009803110733628273,0.16265727579593658
1702466,-0.1625003218650818,-0.009876328520476818,0.1625014841556549
1702566,-0.16246545314788818,-0.009925860911607742,0.1624654233455658
1702666,-0.16254211962223053,-0.009871277026832104,0.16254352033138275
1702766,-0.16284950077533722,-0.009896617382764816,0.16284985840320587
1702866,-0.16291075944900513,-0.009841333143413067,0.1629101037979126
1702966,-0.1628376692533493,-0.009852991439402103,0.16283981502056122
1703066,-0.16280913352966309,-0.009865031577646732,0.16280871629714966
1703166,-0.1626952737569809,-0.009795303456485271,0.1626935452222824
1703266,-0.16249683499336243,-0.009869912639260292,0.16249558329582214
1703366,-0.16240793466567993,-0.00980277918279171,0.16240602731704712
1703466,-0.1627122461795807,-0.009742571972310543,0.16270947456359863
1703566,-0.16280542314052582,-0.009644625708460808,0.16280101239681244
1703666,-0.1629365086555481,-0.009399970062077045,0.16293242573738098
1703766,-0.16336031258106232,-0.009508351795375347,0.1633571833372116
1703866,-0.16338734328746796,-0.009491867385804653,0.16338516771793365
1703966,-0.16311141848564148,-0.009462488815188408,0.16310986876487732
1704066,-0.16298232972621918,-0.009265942499041557,0.16297991573810577
1704166,-0.16294415295124054,-0.009354929439723492,0.1629418581724167
1704266,-0.16301633417606354,-0.009367652237415314,0.16301469504833221
1704366,-0.1629759669303894,-0.009105734527111053,0.16297486424446106
1704466,-0.16286611557006836,-0.0091370465233922,0.1628667414188385
1704566,-0.16258227825164795,-0.009114055894315243,0.16258281469345093
1704666,-0.1626809984445572,-0.009051096625626087,0.16268159449100494
1704766,-0.16240419447422028,-0.008943766355514526,0.16240765154361725
1704866,-0.16227278113365173,-0.008844861760735512,0.1622764766216278
1704966,-0.16224020719528198,-0.008839343674480915,0.16224423050880432
1705066,-0.16219724714756012,-0.008884244598448277,0.162199929356575
1705166,-0.16214033961296082,-0.008759993128478527,0.16214287281036377
1705266,-0.1618967056274414,-0.008861090987920761,0.16190004348754883
1705366,-0.16205160319805145,-0.00893854908645153,0.16205470263957977
1705466,-0.16205012798309326,-0.008937904611229897,0.16205322742462158
1705566,-0.1621161252260208,-0.00894228182733059,0.16211803257465363
1705666,-0.16226889193058014,-0.008821234107017517,0.162270650267601
1705766,-0.16229654848575592,-0.008853855542838573,0.16229845583438873
1705866,-0.16229069232940674,-0.008834609761834145,0.16229498386383057
1705966,-0.16235285997390747,-0.008920453488826752,0.16235744953155518
1706066,-0.16236168146133423,-0.009026143699884415,0.1623656451702118
1706166,-0.1623075157403946,-0.009049864485859871,0.16231195628643036
1706266,-0.16222992539405823,-0.009266471490263939,0.16223430633544922
1706366,-0.1621403843164444,-0.009061000309884548,0.1621444672346115
1706466,-0.16220392286777496,-0.008965826593339443,0.16220633685588837
1706566,-0.1621227115392685,-0.008885703980922699,0.16212572157382965
1706666,-0.1622157096862793,-0.00919817853718996,0.16221895813941956
1706766,-0.16236503422260284,-0.009119563736021519,0.16236834228038788
1706866,-0.16240550577640533,-0.009149253368377686,0.16240893304347992
1706966,-0.16226884722709656,-0.00920089241117239,0.16227102279663086
1707066,-0.16224315762519836,-0.009234934113919735,0.16224518418312073
1707166,-0.16227442026138306,-0.009280599653720856,0.16227778792381287
1707266,-0.1624407321214676,-0.00924097839742899,0.1624435931444168
1707366,-0.17029158771038055,-0.008658424019813538,0.17028997838497162
1707466,-0.17453783750534058,-0.008426947519183159,0.17453527450561523
1707566,-0.1742086112499237,-0.008474379777908325,0.1742076575756073
1707666,-0.17391376197338104,-0.008636971935629845,0.17391596734523773
1707766,-0.17363935708999634,-0.008847858756780624,0.17364197969436646
1707866,-0.1725316345691681,-0.00894120428711176,0.17253586649894714
1707966,-0.17135587334632874,-0.008965620771050453,0.17135927081108093
1708066,-0.1710684448480606,-0.008820826187729836,0.1710691899061203
1708166,-0.17136649787425995,-0.008778734132647514,0.17136438190937042
1708266,-0.17122021317481995,-0.008808638900518417,0.171220600605011
1708366,-0.17129433155059814,-0.009020251221954823,0.17129212617874146
1708466,-0.1713356226682663,-0.008879954926669598,0.17133398354053497
1708566,-0.17143288254737854,-0.008810484781861305,0.17142954468727112
1708666,-0.1715872883796692,-0.008722213096916676,0.17158740758895874
1708766,-0.17150713503360748,-0.008932463824748993,0.17150788009166718
1708866,-0.17127574980258942,-0.008835350163280964,0.17127467691898346
1708966,-0.1705569177865982,-0.007977177388966084,0.17054907977581024
1709066,-0.16619694232940674,-0.0022100803907960653,0.1661798059940338
1709166,-0.163918599486351,0.008421815931797028,0.16402725875377655
1709266,-0.1593628227710724,0.008771955966949463,0.15947675704956055
1709366,-0.15543332695960999,0.0077330004423856735,0.15552863478660583
1709466,-0.15207025408744812,0.0077653988264501095,0.15216588973999023
1709566,-0.14622409641742706,0.00901913270354271,0.1463487297296524
1709666,-0.13794930279254913,0.008689496666193008,0.13807658851146698
1709766,-0.13271035254001617,0.008567463606595993,0.13284195959568024
1709866,-0.1270776242017746,0.008447624742984772,0.12721385061740875
1709966,-0.12152475863695145,0.008310791105031967,0.12165919691324234
1710066,-0.11410767585039139,0.010059677995741367,0.11431706696748734
1710166,-0.10549280792474747,0.008001420646905899,0.105643130838871
1710266,-0.10128899663686752,0.007609058637171984,0.10141774266958237
1710367,-0.0935840830206871,0.007958101108670235,0.09373801201581955
1710467,-0.08548511564731598,0.006877565290778875,0.08560490608215332
1710567,-0.07916074246168137,0.006573555059731007,0.0792718455195427
1710667,-0.07366825640201569,0.005909166298806667,0.07375136017799377
1710767,-0.06911822408437729,0.005964064039289951,0.06921357661485672
1710867,-0.06218693405389786,0.00537505466490984,0.06225947290658951
1710967,-0.05902362987399101,0.0030259033665060997,0.05905422195792198
1711067,-0.057671938091516495,0.0015768689336255193,0.057684894651174545
1711167,-0.053798019886016846,-0.0016165326815098524,0.05378475785255432
1711267,-0.04810464754700661,-0.006631212774664164,0.04808560386300087
1711368,-0.0467277467250824,-0.00757289445027709,0.046710751950740814
1711468,-0.04576476663351059,-0.0073145171627402306,0.04574502259492874
1711567,-0.04126172885298729,-0.008061481639742851,0.041245874017477036
1711667,-0.037846218794584274,-0.0032374905422329903,0.037824567407369614
1711768,-0.03578853979706764,-0.0028145594988018274,0.03576808050274849
1711868,-0.033681660890579224,-0.004344101995229721,0.033657148480415344
1711968,-0.0338352806866169,-0.004214656073600054,0.03381263092160225
1712068,-0.03367903456091881,-0.005355156026780605,0.03365674242377281
1712167,-0.03418537974357605,-0.009558320976793766,0.03418312221765518
1712268,-0.034178104251623154,-0.010560985654592514,0.034190062433481216
1712368,-0.033682528883218765,-0.013139198534190655,0.03373033180832863
1712466,-0.03385165333747864,-0.01182260736823082,0.03388062119483948
1712566,-0.03379690274596214,-0.011148164980113506,0.03381729498505592
1712666,-0.0335686132311821,-0.01156942080706358,0.03359464555978775
1712766,-0.033761706203222275,-0.010985100641846657,0.03378201648592949
1712866,-0.033851735293865204,-0.011331834830343723,0.03387586027383804
1712966,-0.03387637063860893,-0.01105411909520626,0.03389737382531166
1713066,-0.03406020626425743,-0.011150884442031384,0.034084614366292953
1713166,-0.03401750326156616,-0.010808046907186508,0.03403874486684799
1713266,-0.033963393419981,-0.010961931198835373,0.033983681350946426
1713366,-0.03419046849012375,-0.010662569664418697,0.03420884162187576
1713466,-0.034281693398952484,-0.010690867900848389,0.03430227190256119
1713566,-0.03426982834935188,-0.010526946745812893,0.0342896468937397
1713666,-0.03433326631784439,-0.010573210194706917,0.03435254096984863
1713766,-0.03445351496338844,-0.010545231401920319,0.03447014465928078
1713866,-0.03448108956217766,-0.010490489192306995,0.03449748829007149
1713966,-0.03507956489920616,-0.01040877215564251,0.035095762461423874
1714066,-0.03503154218196869,-0.01029470656067133,0.03504779934883118
1714166,-0.0351325087249279,-0.010365606285631657,0.03514637425541878
1714266,-0.035048965364694595,-0.010246561840176582,0.03506692126393318
1714366,-0.035019923001527786,-0.010230821557343006,0.035038311034440994
1714466,-0.035044118762016296,-0.009990961290895939,0.03506195545196533
1714566,-0.03498101234436035,-0.01024254783987999,0.03500012308359146
1714666,-0.03479114919900894,-0.010112791322171688,0.0348099023103714
1714766,-0.03479627147316933,-0.009960259310901165,0.03481437638401985
1714866,-0.03499012067914009,-0.009858193807303905,0.035009000450372696
1714966,-0.035009484738111496,-0.00985939335078001,0.035028669983148575
1715066,-0.03500482067465782,-0.009497701190412045,0.03502416983246803
1715166,-0.034817613661289215,-0.009911490604281425,0.03483743220567703
1715266,-0.03482542559504509,-0.009631181135773659,0.034845467656850815
1715366,-0.034464769065380096,-0.009564503096044064,0.03448334336280823
1715466,-0.03468996658921242,-0.009950848296284676,0.03471033647656441
1715566,-0.0350952073931694,-0.009572843089699745,0.035114191472530365
1715666,-0.03510705381631851,-0.009624983184039593,0.0351233184337616
1715766,-0.03498813509941101,-0.0095906350761652,0.03500504791736603
1715866,-0.03465920686721802,-0.009455656632781029,0.034675054252147675
1715966,-0.0346401184797287,-0.009504391811788082,0.034655384719371796
1716066,-0.034884244203567505,-0.009537057019770145,0.03490094840526581
1716166,-0.03498891368508339,-0.009583130478858948,0.035006921738386154
1716266,-0.034816816449165344,-0.009601794183254242,0.034834012389183044
1716366,-0.034774914383888245,-0.00966685637831688,0.03479371964931488
1716466,-0.034809473901987076,-0.00969999935477972,0.03482568636536598
1716566,-0.034671101719141006,-0.00954789761453867,0.03469062224030495
1716666,-0.03455040603876114,-0.009490136057138443,0.034569911658763885
1716766,-0.03446521610021591,-0.009412943385541439,0.034484900534152985
1716866,-0.03444727510213852,-0.009430645033717155,0.034467197954654694
1716966,-0.034469977021217346,-0.00944070890545845,0.03448766469955444
1717066,-0.03455234318971634,-0.00957190990447998,0.03457013517618179
1717166,-0.034328218549489975,-0.00962471030652523,0.03434747830033302
1717266,-0.03446028381586075,-0.009624351747334003,0.03447902947664261
1717366,-0.034525029361248016,-0.009706857614219189,0.034545302391052246
1717466,-0.03437066450715065,-0.007607269566506147,0.03437265381217003
1717566,-0.034393053501844406,-0.007964875549077988,0.034393373876810074
1717666,-0.034683916717767715,-0.009575333446264267,0.0347006656229496
1717766,-0.03455199673771858,-0.01106367725878954,0.03458629176020622
1717866,-0.0455145500600338,-0.015814680606126785,0.04563835635781288
1717966,-0.051585853099823,-0.015016133897006512,0.051699452102184296
1718066,-0.0636989176273346,-0.01583515852689743,0.06383034586906433
1718166,-0.13232873380184174,-0.01663658767938614,0.13246403634548187
1718266,-0.18303282558918,-0.019834395498037338,0.1832260936498642
1718366,-0.19817407429218292,-0.015785513445734978,0.1982756406068802
1718466,-0.20257321000099182,-0.015300133265554905,0.20266219973564148
1718566,-0.21460764110088348,-0.01501929946243763,0.21469144523143768
1718666,-0.21392416954040527,-0.014899018220603466,0.2140081822872162
1718766,-0.21300271153450012,-0.01484175119549036,0.2130860984325409
1718866,-0.21220600605010986,-0.01466030441224575,0.2122887670993805
1718966,-0.21062056720256805,-0.014430361799895763,0.2107018679380417
1719066,-0.20738711953163147,-0.014398593455553055,0.207465261220932
1719166,-0.20713090896606445,-0.01415654830634594,0.2072073221206665
1719266,-0.20708878338336945,-0.014068381860852242,0.20716361701488495
1719366,-0.2071363776922226,-0.014058814384043217,0.20721139013767242
1719466,-0.2069752812385559,-0.01398090273141861,0.20704901218414307
1719566,-0.20685617625713348,-0.013995706103742123,0.20692916214466095
1719666,-0.20708072185516357,-0.013903405517339706,0.2071533203125
1719766,-0.20712050795555115,-0.013907513581216335,0.20719367265701294
1719866,-0.20697762072086334,-0.01396570447832346,0.2070542722940445
1719966,-0.20679734647274017,-0.013952400535345078,0.20687232911586761
1720066,-0.20698116719722748,-0.014036719687283039,0.20705701410770416
1720166,-0.20691734552383423,-0.014108684845268726,0.20699408650398254
1720266,-0.2071392983198166,-0.014028655365109444,0.20721669495105743
1720366,-0.20706713199615479,-0.014009769074618816,0.20714440941810608
1720466,-0.20732168853282928,-0.013970613479614258,0.20739991962909698
1720566,-0.20624537765979767,-0.014111347496509552,0.20632906258106232
1720666,-0.2032143622636795,-0.01364852488040924,0.20328982174396515
1720766,-0.20258218050003052,-0.01368010975420475,0.2026606798171997
1720866,-0.18725965917110443,-0.015267150476574898,0.18737633526325226
1720966,-0.17119508981704712,-0.01711460016667843,0.1713557243347168
1721066,-0.13641244173049927,-0.030636750161647797,0.13702628016471863
1721166,-0.1306224763393402,-0.030515369027853012,0.13122576475143433
1721266,-0.12173552066087723,-0.028014272451400757,0.12223026901483536
1721366,-0.11941733211278915,-0.018922755494713783,0.11961188167333603
1721466,-0.1190560981631279,-0.012454971671104431,0.11911382526159286
1721566,-0.11850126832723618,-0.012281595729291439,0.11855737119913101
1721666,-0.11853563040494919,-0.012558060698211193,0.11859575659036636
1721766,-0.11860758811235428,-0.01270471140742302,0.11867111176252365
1721866,-0.11863775551319122,-0.012928634881973267,0.11870695650577545
1721966,-0.1189872995018959,-0.012967853806912899,0.119059257209301
1722066,-0.11905880272388458,-0.013054866343736649,0.11912980675697327
1722166,-0.11895515024662018,-0.013195066712796688,0.11902670562267303
1722266,-0.11902482807636261,-0.0134425088763237,0.11909955739974976
1722366,-0.11872071772813797,-0.0134607357904315,0.11879637092351913
1722466,-0.11875070631504059,-0.013648591004312038,0.11882811784744263
1722566,-0.11876702308654785,-0.013600243255496025,0.11884015798568726
1722666,-0.11870002746582031,-0.013761227950453758,0.11877773702144623
1722766,-0.11842293292284012,-0.013672299683094025,0.1185014620423317
1722866,-0.11836421489715576,-0.013862053863704205,0.11844237148761749
1722966,-0.11831790953874588,-0.013860839419066906,0.11839660257101059
1723066,-0.11856252700090408,-0.01399979554116726,0.11864278465509415
1723166,-0.12474527209997177,-0.014800727367401123,0.1248384490609169
1723266,-0.11408118903636932,-0.013364552520215511,0.11414837837219238
1723366,-0.11133996397256851,-0.012951860204339027,0.1113952174782753
1723466,-0.1060536727309227,-0.010887890122830868,0.10608582943677902
1723566,-0.08838450908660889,-0.010489833541214466,0.0884074866771698
1723666,-0.07518132776021957,-0.009849153459072113,0.07519686967134476
1723766,-0.07503598928451538,-0.010066576302051544,0.07505527138710022
1723866,-0.07576677203178406,-0.010094663128256798,0.07578425109386444
1723966,-0.07614670693874359,-0.010340334847569466,0.07617112994194031
1724066,-0.07640574127435684,-0.01035099197179079,0.07642977684736252
1724166,-0.0767345204949379,-0.010456002317368984,0.0767596885561943
1724266,-0.07671297341585159,-0.010467368178069592,0.07673782855272293
1724366,-0.07670275866985321,-0.010476529598236084,0.07672788202762604
1724466,-0.0767694041132927,-0.010490123182535172,0.07679332047700882
1724566,-0.07669731229543686,-0.010652800090610981,0.0767223909497261
1724666,-0.07656705379486084,-0.01070190966129303,0.07659228146076202
1724766,-0.07636713236570358,-0.010786807164549828,0.07639148086309433
1724866,-0.07649700343608856,-0.010851798579096794,0.07651941478252411
1724966,-0.07667119055986404,-0.01077311486005783,0.07669388502836227
1725066,-0.07673472166061401,-0.010969559662044048,0.07675904035568237
1725166,-0.07671461254358292,-0.010989437811076641,0.07673797756433487
1725266,-0.07677356153726578,-0.010988187044858932,0.07679840177297592
1725366,-0.07670943439006805,-0.010975595563650131,0.0767320841550827
1725466,-0.07666564732789993,-0.010972888208925724,0.07668840140104294
1725566,-0.0770261138677597,-0.010976328514516354,0.07704636454582214
1725666,-0.07712777704000473,-0.010951319709420204,0.07715079933404922
1725766,-0.07669223099946976,-0.011019691824913025,0.07671385258436203
1725866,-0.07677147537469864,-0.010915950872004032,0.07679300755262375
1725966,-0.07691240310668945,-0.011045611463487148,0.07693512737751007
1726066,-0.07683856785297394,-0.010946955531835556,0.0768609344959259
1726166,-0.07675255089998245,-0.011030727997422218,0.07677558809518814
1726266,-0.07678309082984924,-0.011119247414171696,0.07680484652519226
1726366,-0.07641114294528961,-0.01106932945549488,0.076430544257164
1726466,-0.07641206681728363,-0.011022079735994339,0.07643015682697296
1726566,-0.07657510042190552,-0.010968624614179134,0.0765974223613739
1726666,-0.0762367993593216,-0.010929876938462257,0.0762583464384079
1726766,-0.07615863531827927,-0.011138363741338253,0.07618240267038345
1726866,-0.07630138099193573,-0.011150220409035683,0.0763251930475235
1726966,-0.07607614248991013,-0.011183775961399078,0.07609838992357254
1727066,-0.07607544958591461,-0.010833656415343285,0.07609650492668152
1727167,-0.07603378593921661,-0.01071595773100853,0.07605570554733276
1727266,-0.07619937509298325,-0.010698128491640091,0.0762217566370964
1727367,-0.07641902565956116,-0.01067596860229969,0.07644098997116089
1727467,-0.07629082351922989,-0.010515307076275349,0.07631409913301468
1727567,-0.0765012577176094,-0.01057045441120863,0.07652241736650467
1727667,-0.07636312395334244,-0.010721355676651001,0.07638547569513321
1727767,-0.07645316421985626,-0.010617993772029877,0.07647402584552765
1727867,-0.07646047323942184,-0.010654918849468231,0.07648354023694992
1727967,-0.0767594426870346,-0.010651624761521816,0.07678315043449402
1728068,-0.07659613341093063,-0.010729826055467129,0.07661793380975723
1728168,-0.07624965906143188,-0.010544387623667717,0.0762711614370346
1728268,-0.07618330419063568,-0.01069371122866869,0.07620537281036377
1728368,-0.07618049532175064,-0.010806183330714703,0.07620184868574142
1728468,-0.07615780830383301,-0.010704760439693928,0.07617853581905365
1728568,-0.07631836086511612,-0.010915715247392654,0.07634284347295761
1728668,-0.07671685516834259,-0.0050944313406944275,0.07669703662395477
1728768,-0.08118952065706253,-0.011559197679162025,0.08122027665376663
1728868,-0.09081730991601944,-0.02120036818087101,0.09105546027421951
1728968,-0.10092658549547195,-0.007373145781457424,0.1009175106883049
1729069,-0.1054324135184288,-0.02155720815062523,0.10568235069513321
1729166,-0.11756418645381927,-0.02987690642476082,0.11811049282550812
1729266,-0.12115852534770966,-0.03263399004936218,0.12184134125709534
1729366,-0.12101796269416809,-0.019092751666903496,0.1212044358253479
1729466,-0.12101446092128754,-0.013278618454933167,0.12107807397842407
1729566,-0.12101758271455765,-0.013209613971412182,0.12108088284730911
1729666,-0.12078946828842163,-0.01353885792195797,0.1208648532629013
1729769,-0.12083586305379868,-0.013512061908841133,0.12091057747602463
1729866,-0.12080942839384079,-0.013526275753974915,0.12088582664728165
1729966,-0.1207781657576561,-0.013376805931329727,0.12085282057523727
1730066,-0.12073732912540436,-0.01351205911487341,0.12081371247768402
1730166,-0.12071219831705093,-0.013414726592600346,0.12078899890184402
1730266,-0.12064172327518463,-0.0134732099249959,0.1207185834646225
1730366,-0.12068141996860504,-0.013761909678578377,0.12075982987880707
1730466,-0.12066300213336945,-0.013400438241660595,0.12074217200279236
1730566,-0.12069094926118851,-0.013414576649665833,0.12077199667692184
1730666,-0.12070247530937195,-0.013463796116411686,0.12078487873077393
1730766,-0.12077534943819046,-0.013579069636762142,0.12085980921983719
1730866,-0.12074672430753708,-0.01360917929559946,0.12083061784505844
1730966,-0.12096664309501648,-0.013496537692844868,0.12104915082454681
1731066,-0.1209442988038063,-0.013476266525685787,0.12102527171373367
1731166,-0.12084154784679413,-0.013655663467943668,0.12092502415180206
1731266,-0.12079554796218872,-0.013713966123759747,0.12087863683700562
1731366,-0.1208806037902832,-0.013803517445921898,0.12096400558948517
1731466,-0.12074635922908783,-0.013782846741378307,0.12082993984222412
1731566,-0.12069939821958542,-0.013629253953695297,0.12078390270471573
1731666,-0.12058394402265549,-0.013754856772720814,0.1206628754734993
1731766,-0.12038855999708176,-0.013830315321683884,0.12047062069177628
1731866,-0.12026641517877579,-0.013897659257054329,0.12034740298986435
1731966,-0.12024275213479996,-0.013964337296783924,0.12032366544008255
1732066,-0.12027642875909805,-0.014275487512350082,0.1203603520989418
1732166,-0.12042579799890518,-0.014420956373214722,0.12050700932741165
1732266,-0.12036162614822388,-0.0142586138099432,0.12044520676136017
1732366,-0.12035316973924637,-0.014032389037311077,0.12043168395757675
1732466,-0.12002987414598465,-0.014176190830767155,0.12010910362005234
1732566,-0.12005431205034256,-0.014302068389952183,0.12013519555330276
1732666,-0.12017028033733368,-0.014215423725545406,0.1202516257762909
1732766,-0.1201653778553009,-0.014417462050914764,0.12024536728858948
1732866,-0.12016882002353668,-0.014364185743033886,0.12025107443332672
1732966,-0.12002101540565491,-0.014387654140591621,0.12010419368743896
1733066,-0.12003055959939957,-0.014251104556024075,0.1201157197356224
1733166,-0.11992873251438141,-0.014155155047774315,0.12000860273838043
1733266,-0.11992363631725311,-0.014342185109853745,0.12000788748264313
1733366,-0.11981025338172913,-0.014412302523851395,0.11989499628543854
1733466,-0.12001247704029083,-0.01427473220974207,0.12009225785732269
1733566,-0.11997319757938385,-0.014370832592248917,0.1200537383556366
1733666,-0.11996657401323318,-0.014433145523071289,0.12004471570253372
1733766,-0.11997988075017929,-0.014418619684875011,0.12006015330553055
1733866,-0.12004560977220535,-0.014302298426628113,0.12012409418821335
1733966,-0.12005509436130524,-0.014371299184858799,0.12013539671897888
1734066,-0.12014496326446533,-0.014430521987378597,0.12023007869720459
1734166,-0.12024425715208054,-0.014372820034623146,0.1203232929110527
1734266,-0.11999940127134323,-0.014332511462271214,0.12007836252450943
1734366,-0.1199352815747261,-0.014344689436256886,0.12001725286245346
1734466,-0.12002537399530411,-0.014119056984782219,0.12010324746370316
1734566,-0.12003982812166214,-0.014177277684211731,0.12011929601430893
1734666,-0.12003793567419052,-0.014170605689287186,0.12011624127626419
1734766,-0.12013629078865051,-0.014186798594892025,0.12021511793136597
1734866,-0.1201823502779007,-0.014327325858175755,0.12026150524616241
1734966,-0.12021583318710327,-0.014267821796238422,0.12029516696929932
1735066,-0.12042608112096786,-0.014175646007061005,0.12050224095582962
1735166,-0.12050958722829819,-0.014189674519002438,0.12059132009744644
1735266,-0.12051773816347122,-0.014062565751373768,0.12060157209634781
1735366,-0.12057951837778091,-0.013995403423905373,0.12066153436899185
1735466,-0.1204652413725853,-0.014038704335689545,0.12054624408483505
1735566,-0.12041134387254715,-0.01387422252446413,0.12049265950918198
1735666,-0.12052490562200546,-0.013851674273610115,0.12060195952653885
1735766,-0.12057839334011078,-0.013812306337058544,0.12065699696540833
1735866,-0.1207512617111206,-0.013961214572191238,0.1208309680223465
1735966,-0.1208261251449585,-0.014023497700691223,0.12090317904949188
1736066,-0.1207028329372406,-0.013999713584780693,0.12077859044075012
1736166,-0.12080494314432144,-0.013949769549071789,0.12088216096162796
1736266,-0.12061802297830582,-0.014004748314619064,0.12069661170244217
1736366,-0.12060906738042831,-0.013885368593037128,0.12068549543619156
1736466,-0.1205412894487381,-0.013971698470413685,0.12061993777751923
1736566,-0.12059163302183151,-0.014007694087922573,0.1206711158156395
1736666,-0.12051969766616821,-0.013942772522568703,0.1205981969833374
1736766,-0.12062638998031616,-0.013898218050599098,0.12070608139038086
1736866,-0.12066636979579926,-0.013915497809648514,0.12074704468250275
1736966,-0.12062718719244003,-0.0140672717243433,0.1207084134221077
1737066,-0.12045831978321075,-0.013968097977340221,0.1205371618270874
1737166,-0.1204184964299202,-0.014058154076337814,0.1204976812005043
1737266,-0.12029673904180527,-0.0141501035541296,0.12037716060876846
1737366,-0.12024980038404465,-0.01398387923836708,0.12033095210790634
1737466,-0.12035809457302094,-0.013860301114618778,0.12043888866901398
1737566,-0.12021035701036453,-0.014009294100105762,0.12029299885034561
1737666,-0.12008590251207352,-0.014042248949408531,0.12016912549734116
1737766,-0.12018569558858871,-0.014128400012850761,0.12026792019605637
1737866,-0.1202385202050209,-0.014098340645432472,0.12032017856836319
1737966,-0.12000264972448349,-0.01418319996446371,0.12008529156446457
1738066,-0.12005530297756195,-0.014081047847867012,0.12013475596904755
1738166,-0.12004459649324417,-0.014158764854073524,0.12012483924627304
1738266,-0.12009312957525253,-0.014241890981793404,0.12017417699098587
1738366,-0.11998055875301361,-0.014359752647578716,0.12006361782550812
1738466,-0.12000065296888351,-0.014326357282698154,0.12008091062307358
1738566,-0.12020883709192276,-0.014274470508098602,0.1202908381819725
1738666,-0.12009292095899582,-0.014331893064081669,0.12017302960157394
1738766,-0.12004516273736954,-0.014197446405887604,0.12012680619955063
1738866,-0.11991190910339355,-0.014231357723474503,0.11999563872814178
1738966,-0.12002348899841309,-0.014162978157401085,0.12010516226291656
1739066,-0.12022257596254349,-0.013953004963696003,0.12030325084924698
1739166,-0.12035121768712997,-0.013958216644823551,0.12042952328920364
